country,year,co2,population,gdp,primary_energy_consumption,Coal Production - TWh,Oil Consumption - TWh,Coal Consumption - TWh,Cars Produced - Thousands
China,1899,0.095,399421783.0,,,,,,
China,1900,,401579661.0,388800000000.0,,,,,
China,1901,,403786465.0,,,,,,
China,1902,0.095,406042669.0,,,,,,
China,1903,1.964,408348748.0,,,,,,
China,1904,2.088,410667922.0,,,,,,
China,1905,2.297,413000265.0,,,,,,
China,1906,17.111,415345852.0,,,,,,
China,1907,16.84,417704759.0,,,,,,
China,1908,22.731,420077060.0,,,,,,
China,1909,20.837,422922872.0,,,,,,
China,1910,18.749,426250021.0,,,,,,
China,1911,27.846,430066435.0,387034110000.0,,,,,
China,1912,9.787,434380144.0,,,,,,
China,1913,10.758,439199283.0,430582900000.0,,,,,
China,1914,15.107,444071884.0,,,,,,
China,1915,16.089,448998541.0,,,,,,
China,1916,17.965,453979853.0,,,,,,
China,1917,19.852,459016426.0,,,,,,
China,1918,21.042,464075232.0,,,,,,
China,1919,24.256,468480579.0,,,,,,
China,1920,26.769,472222750.0,,,,,,
China,1921,25.289,475291915.0,,,,,,
China,1922,26.634,477678125.0,,,,,,
China,1923,32.152,479371311.0,,,,,,
China,1924,35.094,481070499.0,,,,,,
China,1925,33.221,482775710.0,,,,,,
China,1926,29.59,484486965.0,,,,,,
China,1927,33.526,486204286.0,,,,,,
China,1928,34.108,487927695.0,,,,,,
China,1929,35.804,489891377.0,488734819000.0,,,,,
China,1930,37.908,492097572.0,494868000000.0,,,,,
China,1931,40.241,494548536.0,500029600000.0,,,,,
China,1932,38.585,497246541.0,515662973000.0,,,,,
China,1933,42.194,500193876.0,461500000000.0,,,,,
China,1934,49.254,503158681.0,470972743000.0,,,,,
China,1935,57.597,506141059.0,508829044000.0,,,,,
China,1936,64.955,509141114.0,540976335000.0,,,,,
China,1937,60.491,512158952.0,528001760000.0,,,,,
China,1938,55.303,515194677.0,514876008000.0,,,,,
China,1939,67.113,518180790.0,,,,,,
China,1940,86.047,521116640.0,,,,,,
China,1941,107.518,524001569.0,,,,,,
China,1942,113.741,526834916.0,,,,,,
China,1943,97.179,529616012.0,,,,,,
China,1944,97.769,532411789.0,,,,,,
China,1945,50.347,535222325.0,,,,,,
China,1946,31.259,538047697.0,,,,,,
China,1947,33.553,540887984.0,,,,,,
China,1948,23.836,543743264.0,,,,,,
China,1949,59.36,548239920.0,,,,,,
China,1950,78.835,554419269.0,436905185000.0,,,,,
China,1951,102.115,569909108.0,529606000000.0,,,,,
China,1952,127.999,582576497.0,595648770000.0,,,,,
China,1953,133.783,593365882.0,672668230000.0,,,,,
China,1954,160.877,603052316.0,624480190000.0,,,,,
China,1955,190.521,612241552.0,681084945000.0,,,,,
China,1956,215.824,621363233.0,738921885000.0,,,,,
China,1957,255.785,630677648.0,761702560000.0,,,,,
China,1958,524.617,640295777.0,766244655000.0,,,,,
China,1959,720.152,650212731.0,743927585000.0,,,,,
China,1960,798.8,660408054.0,705092990000.0,,,,,
China,1961,570.63,670952701.0,577128420000.0,,,,,U
China,1962,459.618,682102654.0,616503020000.0,,,,,
China,1963,456.779,694339084.0,705534390000.0,,,,,
China,1964,460.637,708254602.0,804504960000.0,,,,,
China,1965,500.286,724218970.0,896126805000.0,1532.235,,129.0625363888889,,
China,1966,549.459,742414887.0,927339400000.0,1665.28,,165.79991083333334,,
China,1967,460.226,762581176.0,933378350000.0,1497.596,,163.69284527777776,,
China,1968,495.507,784074715.0,912372780000.0,1512.598,,179.0345755555555,,
China,1969,607.683,805985941.0,1006175600000.0,1841.019,,240.04433027777776,,
China,1970,807.953,827601385.0,1144004370000.0,2357.393,,332.04554833333333,,
China,1971,909.21,848759709.0,1216237830000.0,2794.916,,451.5776813888889,,U
China,1972,968.646,869485962.0,1233564930000.0,3012.934,,519.6964991666666,,
China,1973,1008.293,889485368.0,1334375220000.0,3180.296,,633.9830905555556,,
China,1974,1028.1,908464206.0,1367631650000.0,3279.296,,729.0730180555555,,
China,1975,1183.215,926240889.0,1460733630000.0,3672.629,,804.0782297222222,,
China,1976,1226.421,942685412.0,1413710515000.0,3866.91,,919.1863952777776,,
China,1977,1340.831,957891271.0,1493489265000.0,4216.888,,971.0417141666668,,
China,1978,1492.778,972205441.0,1667551760000.0,4624.29,,1076.6368777777775,3.570363922222222,
China,1979,1525.661,986132214.0,1801380295000.0,4763.128,,1079.2995222222223,3.6587183,
China,1980,1494.496,1000089228.0,1893783550000.0,4856.292,,1011.721054722222,3.636857716666667,
China,1981,1476.488,1014022211.0,1949955282000.0,4790.988,3614.604,960.4063822222222,3.6209623583333332,U
China,1982,1606.585,1027948989.0,2128597968000.0,5002.704,3874.5345,950.9188161111113,3.823542963888889,
China,1983,1694.217,1042431401.0,2278862376000.0,5324.027,4154.8175,971.9111505555557,4.0529057,
China,1984,1844.828,1058171973.0,2534000300000.0,5712.497,4589.198,1007.7962963888888,4.463375055555556,
China,1985,1998.083,1075589363.0,2752673760000.0,6178.478,5072.4245,1055.259253888889,4.553597330555556,
China,1986,2104.213,1095014106.0,2931538920000.0,6475.321,5198.61,1122.5739988888888,4.747747538888889,
China,1987,2257.739,1116095475.0,3177306585000.0,6983.141,5396.9015,1193.055565,5.07222855,
China,1988,2425.894,1137724234.0,3354463350000.0,7500.799,5698.1185,1282.6026997222225,5.429721027777777,
China,1989,2463.654,1158357393.0,3380560300000.0,7870.667,6130.173,1343.1707955555555,5.529846919444444,
China,1990,2484.855,1176883681.0,3385121670000.0,7972.531,6279.519644444445,1331.5683305555556,6.081645752777778,
China,1991,2606.096,1192897277.0,3508947838839.58,8375.788,6323.265888888889,1439.6677675,5.835234902777778,709.0
China,1992,2730.788,1206711243.0,3755037488097.59,8820.231,6491.749699999999,1565.881279166667,6.0222427750000005,
China,1993,2921.651,1218817059.0,4126169580711.49,9497.178,6691.146049999999,1730.6695080555555,6.438652922222222,
China,1994,3100.002,1230020026.0,4438753432049.77,10081.194,7210.024313888889,1754.1200030555556,6.909125677777777,1353.0
China,1995,3357.909,1240920539.0,4810000052949.3,10390.963,7912.650763888889,1900.1698066666668,7.632887880555555,1435.0
China,1996,3503.234,1251636178.0,5127589667244.04,10932.141,8121.80701111111,2082.869347777778,7.761867558333333,1466.0
China,1997,3510.169,1261996017.0,5291338890182.24,10995.762,8068.494508333333,2273.275080833333,7.5020065083333325,1578.0
China,1998,3360.455,1271982349.0,5338703047530.52,11010.818,7745.746308333333,2335.3745377777777,7.636972525,1628.0
China,1999,3350.34,1281514833.0,5578502931607.12,11396.786,7931.6443,2485.169459166667,7.6449519694444446,1805.0
China,2000,3439.152,1290550767.0,5952682333616.4,11792.554,8226.111591666666,2661.136997222222,7.824111188888889,2009.0
China,2001,3514.934,1299129747.0,6329737195923.64,12456.115,8715.22973888889,2720.8675927777776,8.239183133333334,2331.776
China,2002,3872.595,1307352256.0,6814493761716.04,13567.957,9307.321841666666,2938.008313888889,8.904888047222222,3251.225
China,2003,4545.014,1315303522.0,7248622636565.2,15798.685,10994.301994444444,3271.5244583333333,10.614167911111112,4443.686
China,2004,5223.755,1323084639.0,7830953031578.61,18484.936,12873.730019444443,3820.0719694444447,12.270721097222223,5070.527
China,2005,5876.555,1330776380.0,8602939916574.9,21000.495,14440.990188888887,3886.774544444445,14.102232991666666,5668.163
China,2006,6488.804,1338408644.0,9489543138171.92,23022.389,15449.55418611111,4174.974463888889,15.683791927777778,7566.233
China,2007,6978.612,1345993891.0,10358205936544.4,25024.414,16738.864930555555,4381.042547222222,17.182822255555557,8885.461
China,2008,7496.832,1353569480.0,10799148330075.5,25956.957,17349.282741666666,4469.1302444444445,17.488486416666667,9233.29
China,2009,7886.533,1361169410.0,11572543696066.6,27089.785,17885.351891666665,4637.320094444444,18.83586044722222,13648.553
China,2010,8616.653,1368810604.0,12858807596962.2,28967.802,19367.24898888889,5275.544380555556,20.819195161111114,18264.667
China,2011,9528.556,1376497633.0,13673158858296.0,31261.361,21535.06720833333,5467.327188888889,22.67496750277778,18418.876
China,2012,9775.622,1384206408.0,14358127033560.0,32512.623,21789.30283333333,5731.219008333333,23.027610030555557,19271.808
China,2013,9952.744,1391883335.0,15304426254912.0,33715.209,22034.135552777778,5982.918830555555,23.743987247222222,22116.825
China,2014,9985.583,1399453966.0,16220856758000.0,34499.453,21680.76276388889,6218.294911111111,23.831354174999998,23722.89
China,2015,9848.42,1406847868.0,16710945546908.0,34826.942,21273.959438888887,6732.650186111111,23.31123103611111,24503.326
China,2016,9720.444,1414049353.0,17255473242506.0,35264.122,19671.23181111112,6961.925880555556,22.370055011111113,28118.794
China,2017,9920.459,1421021794.0,17575081415360.1,36342.177,20326.109319444444,7278.487461111111,22.720871813888888,29015.633
China,2018,10289.99,1427647789.0,18151620437216.0,37714.113,21352.949933333333,7517.874591666667,23.532450005555557,27809.196
China,2019,10489.989,1433783692.0,,39360.925,22154.43870833333,7759.732538888888,24.150059338888887,25720.665
China,2020,10667.887,1439323774.0,,,22475.08011388889,7916.455444444444,24.34390276111111,25225.242
Germany,1792,0.469,,,,,,,
Germany,1793,0.48,,,,,,,
Germany,1794,0.443,,,,,,,
Germany,1795,0.447,,,,,,,
Germany,1796,0.535,,,,,,,
Germany,1797,0.55,,,,,,,
Germany,1798,0.575,,,,,,,
Germany,1799,0.627,,,,,,,
Germany,1800,0.795,18000000.0,,,,,,
Germany,1801,0.535,18294612.0,,,,,,
Germany,1802,0.553,18594046.0,,,,,,
Germany,1803,0.535,18898381.0,,,,,,
Germany,1804,1.008,19207698.0,,,,,,
Germany,1805,1.041,19522077.0,,,,,,
Germany,1806,0.938,19841601.0,,,,,,
Germany,1807,2.689,20166356.0,,,,,,
Germany,1808,0.898,20496425.0,,,,,,
Germany,1809,0.931,20831897.0,,,,,,
Germany,1810,0.978,21178441.0,,,,,,
Germany,1811,0.927,21525076.0,,,,,,
Germany,1812,0.912,21877384.0,,,,,,
Germany,1813,0.89,22235459.0,,,,,,
Germany,1814,0.883,22599394.0,,,,,,
Germany,1815,1.03,22969286.0,,,,,,
Germany,1816,2.385,23345232.0,,,,,,
Germany,1817,3.382,23727332.0,,,,,,
Germany,1818,3.532,24115685.0,,,,,,
Germany,1819,3.276,24488367.0,,,,,,
Germany,1820,3.382,24844857.0,39150660000.0,,,,,
Germany,1821,3.532,25184625.0,,,,,,
Germany,1822,3.631,25507128.0,,,,,,
Germany,1823,4.034,25811809.0,,,,,,
Germany,1824,3.232,26120130.0,,,,,,
Germany,1825,4.338,26432134.0,,,,,,
Germany,1826,4.188,26747865.0,,,,,,
Germany,1827,4.54,27067367.0,,,,,,
Germany,1828,4.54,27390685.0,,,,,,
Germany,1829,3.631,27709637.0,,,,,,
Germany,1830,4.793,28024082.0,,,,,,
Germany,1831,4.591,28333882.0,,,,,,
Germany,1832,3.448,28638891.0,,,,,,
Germany,1833,4.378,28938965.0,,,,,,
Germany,1834,4.411,29242182.0,,,,,,
Germany,1835,4.932,29548576.0,,,,,,
Germany,1836,5.192,29858181.0,,,,,,
Germany,1837,5.95,30171030.0,,,,,,
Germany,1838,6.632,30487157.0,,,,,,
Germany,1839,7.02,30791884.0,,,,,,
Germany,1840,9.175,31084973.0,,,,,,
Germany,1841,9.548,31366182.0,,,,,,
Germany,1842,10.882,31635265.0,,,,,,
Germany,1843,10.3,31891972.0,,,,,,
Germany,1844,10.882,32150762.0,,,,,,
Germany,1845,12.611,32411652.0,,,,,,
Germany,1846,13.187,32674660.0,,,,,,
Germany,1847,13.839,32939801.0,,,,,,
Germany,1848,12.828,33207094.0,,,,,,
Germany,1849,13.623,33466493.0,,,,,,
Germany,1850,15.14,33717866.0,76805896000.0,,,,,
Germany,1851,16.869,33970411.0,76419420000.0,,,,,
Germany,1852,19.174,34214795.0,77941170000.0,,,,,
Germany,1853,20.76,34450874.0,77518344000.0,,,,,
Germany,1854,24.366,34688580.0,79421300000.0,,,,,
Germany,1855,28.616,34927923.0,78268118000.0,,,,,
Germany,1856,30.924,35168915.0,84704600000.0,,,,,
Germany,1857,32.939,35411567.0,88881639000.0,,,,,
Germany,1858,35.61,35655890.0,88512502000.0,,,,,
Germany,1859,33.808,35915420.0,88904335000.0,,,,,
Germany,1860,36.395,36190385.0,94196037000.0,,,,,
Germany,1861,41.33,36481013.0,91925505000.0,,,,,
Germany,1862,45.54,36787538.0,96458136000.0,,,,,
Germany,1863,49.383,37110194.0,103668992000.0,,,,,
Germany,1864,56.642,37435677.0,106676874000.0,,,,,
Germany,1865,63.468,37764012.0,107071055000.0,,,,,
Germany,1866,62.907,38095224.0,107818839000.0,,,,,
Germany,1867,69.154,38429338.0,108208600000.0,,,,,
Germany,1868,74.368,38766380.0,114597342000.0,,,,,
Germany,1869,77.593,39121267.0,115380010000.0,,,,,
Germany,1870,76.64,39494319.0,114986061000.0,,,,,
Germany,1871,85.349,39885860.0,114264576000.0,,,,,
Germany,1872,92.109,40296219.0,122168898000.0,,,,,
Germany,1873,98.367,40725727.0,127494162000.0,,,,,
Germany,1874,71.595,41159810.0,136963700000.0,,,,,
Germany,1875,101.518,41598517.0,137659302000.0,,,,,
Germany,1876,103.438,42041897.0,136961791000.0,,,,,
Germany,1877,101.302,42489999.0,136232194000.0,,,,,
Germany,1878,104.545,42942875.0,142614192000.0,,,,,
Germany,1879,110.847,43388996.0,139230168000.0,,,,,
Germany,1880,124.503,43828181.0,138069000000.0,,,,,
Germany,1881,134.264,44260243.0,141473556000.0,,,,,
Germany,1882,143.665,44684993.0,143716896000.0,,,,,
Germany,1883,153.093,45102238.0,151684064000.0,,,,,
Germany,1884,157.526,45523375.0,155465744000.0,,,,,
Germany,1885,161.183,45948441.0,159236688000.0,,,,,
Germany,1886,163.033,46377473.0,160359620000.0,,,,,
Germany,1887,170.391,46810508.0,166799626000.0,,,,,
Germany,1888,186.347,47247582.0,173679816000.0,,,,,
Germany,1889,198.849,47730525.0,178538736000.0,,,,,
Germany,1890,208.232,48260349.0,184239090000.0,,,,,
Germany,1891,220.84,48838083.0,183900909000.0,,,,,
Germany,1892,214.989,49464772.0,191419488000.0,,,,,
Germany,1893,220.712,50141481.0,200863947000.0,,,,,
Germany,1894,229.498,50827444.0,205820123000.0,,,,,
Germany,1895,238.285,51522787.0,215604003000.0,,,,,
Germany,1896,256.26,52227640.0,223252848000.0,,,,,
Germany,1897,273.554,52942131.0,229646583000.0,,,,,
Germany,1898,285.378,53666393.0,239498620000.0,,,,,
Germany,1899,303.284,54413956.0,248184552000.0,,,,,
Germany,1900,326.759,55185341.0,258778104000.0,,,,,
Germany,1901,325.557,55981081.0,252659264000.0,,,,,
Germany,1902,319.189,56801719.0,258695544000.0,,,,,
Germany,1903,343.599,57647806.0,273137585000.0,,,,,
Germany,1904,356.122,58506492.0,284058684000.0,,,,,
Germany,1905,382.324,59377964.0,290170512000.0,,,,,
Germany,1906,361.937,60262412.0,298832544000.0,,,,,
Germany,1907,442.183,61160030.0,312083652000.0,,,,,
Germany,1908,446.642,62071014.0,317376969000.0,,,,,
Germany,1909,445.572,62767668.0,323838360000.0,,,,,
Germany,1910,445.367,63247408.0,335611908000.0,,,,,
Germany,1911,458.586,63507611.0,346844064000.0,,,,,
Germany,1912,499.121,63545612.0,362054969000.0,,,,,
Germany,1913,535.083,63358703.0,378312270000.0,,,,,
Germany,1914,497.927,63172340.0,322284096000.0,,,,,
Germany,1915,462.906,62986521.0,306048830000.0,,,,,
Germany,1916,500.697,62801243.0,309103528000.0,,,,,
Germany,1917,524.579,62616506.0,309414915000.0,,,,,
Germany,1918,503.423,62415473.0,310201935000.0,,,,,
Germany,1919,387.428,62337715.0,249574734000.0,,,,,
Germany,1920,429.208,62383655.0,271404558000.0,,,,,
Germany,1921,473.18,62553720.0,302077138000.0,,,,,
Germany,1922,455.461,62848341.0,328689000000.0,,,,,
Germany,1923,331.929,63267954.0,273091581000.0,,,,,
Germany,1924,451.793,63690369.0,319692003000.0,,,,,
Germany,1925,458.066,64115604.0,355624580000.0,,,,,
Germany,1926,413.237,64543678.0,365617980000.0,,,,,
Germany,1927,481.186,64974611.0,402192486000.0,,,,,
Germany,1928,505.011,65408420.0,419777967000.0,,,,,
Germany,1929,539.235,65850348.0,418019723000.0,,,,,
Germany,1930,462.092,66300486.0,412176972000.0,,,,,
Germany,1931,385.965,66758925.0,380827283000.0,,,,,
Germany,1932,347.486,67225759.0,352172044000.0,,,,,
Germany,1933,364.981,67701081.0,374241036000.0,,,,,
Germany,1934,408.62,68179764.0,408415350000.0,,,,,
Germany,1935,452.333,68661832.0,439141857000.0,,,,,
Germany,1936,499.634,69147308.0,477841155000.0,,,,,
Germany,1937,563.513,69636216.0,506561908000.0,,,,,
Germany,1938,601.273,70128582.0,545721680000.0,,,,,
Germany,1939,648.625,70493827.0,597037462000.0,,,,,
Germany,1940,654.325,70731329.0,601419020000.0,,,,,
Germany,1941,660.793,70840459.0,639431132000.0,,,,,
Germany,1942,667.899,70820585.0,648060266000.0,,,,,
Germany,1943,679.43,70671068.0,661088879000.0,,,,,
Germany,1944,600.273,70521868.0,677550770000.0,,,,,
Germany,1945,116.065,70372982.0,482065000000.0,,,,,
Germany,1946,271.682,70224410.0,228572052000.0,,,,,
Germany,1947,317.66,70076152.0,256643002000.0,,,,,
Germany,1948,377.816,69928207.0,303971515000.0,,,,,
Germany,1949,432.148,69891436.0,355660921000.0,,,,,
Germany,1950,510.682,69966252.0,422965102392.0,,,,,
Germany,1951,576.866,70300011.0,461743926336.0,,,,,
Germany,1952,610.981,70620275.0,501792173664.0,,,,,
Germany,1953,623.492,70929839.0,543743745048.0,,,,,
Germany,1954,659.732,71233393.0,584376913860.0,,,,,
Germany,1955,723.498,71537454.0,648607454880.0,,,,,
Germany,1956,766.191,71850645.0,695152392228.0,,,,,
Germany,1957,777.908,72183453.0,734905326012.0,,,,,
Germany,1958,756.379,72547581.0,767711425413.0,,,,,
Germany,1959,755.795,72954885.0,823838478320.0,,,,,
Germany,1960,813.95,73414229.0,890210033058.0,,,,,
Germany,1961,834.84,73928077.0,926835900900.0,,,,,2213
Germany,1962,883.169,74489450.0,966424867402.0,,,,,
Germany,1963,945.498,75080749.0,993706255420.0,,,,,
Germany,1964,968.917,75677305.0,1054006832244.0,,,,,
Germany,1965,960.102,76258034.0,1107504056342.0,2966.383,,1020.5697775,,
Germany,1966,951.422,76819570.0,1140349172772.0,2973.846,,1141.8321536111112,,
Germany,1967,936.229,77357251.0,1143923057487.0,2966.376,,1187.4216194444446,,
Germany,1968,984.791,77847179.0,1204136536923.0,3167.281,,1331.1227330555555,,
Germany,1969,1052.001,78260756.0,1283751440208.0,3417.028,,1496.9417344444446,,
Germany,1970,1026.022,78578381.0,1343859724428.0,3607.108,,1644.0703369444443,,
Germany,1971,1037.237,78789931.0,1383509096813.0,3640.362,,1712.531765,,4141
Germany,1972,1041.481,78901826.0,1440601427488.0,3766.868,,1807.816429722222,,
Germany,1973,1085.738,78932455.0,1505896496280.0,3983.469,,1927.148006111111,,
Germany,1974,1062.727,78909808.0,1518360882236.0,3913.56,,1748.5242405555557,,
Germany,1975,1002.447,78856031.0,1510149863725.0,3759.606,,1698.330064722222,,
Germany,1976,1090.84,78781740.0,1583048312626.0,4012.132,,1834.9529783333328,,
Germany,1977,1052.609,78687323.0,1628636027001.0,4001.062,,1812.365522222222,,
Germany,1978,1079.133,78573588.0,1674283089078.0,4145.723,,1890.2781072222224,,
Germany,1979,1117.888,78438171.0,1741603218060.0,4375.909,,1949.9529905555555,,
Germany,1980,1100.066,78283101.0,1761467946288.0,4231.683,,1764.3438327777776,,
Germany,1981,1048.523,78107860.0,1768196471990.0,4099.005,1731.1663522222225,1601.3844027777775,,4116
Germany,1982,1015.734,77926016.0,1753143253080.0,3953.765,1738.716392777778,1513.8575741666666,,
Germany,1983,1011.605,77770210.0,1784298600200.0,4009.86,1642.87059,1482.4480972222225,,
Germany,1984,1033.245,77682293.0,1834585164008.0,4156.77,1662.8279141666667,1477.5570008333334,,
Germany,1985,1044.118,77691591.0,1874769860631.0,4278.25,1728.615478888889,1522.7412666666664,,
Germany,1986,1047.472,77806136.0,1916181399645.0,4242.895,1669.0493625,1604.2206786111112,,
Germany,1987,1032.443,78015742.0,1945055844046.0,4278.47,1616.066233888889,1562.007814722222,,
Germany,1988,1029.024,78307525.0,2009989504148.0,4292.122,1603.5988458333334,1562.9131072222224,,
Germany,1989,1008.792,78660301.0,2075675215202.0,4246.536,1530.111064166667,1468.3829927777776,,
Germany,1990,1052.477,79053984.0,2015547584054.0,4179.821,1454.1818855555557,1537.2931955555557,,
Germany,1991,1014.225,79490831.0,2140549465365.24,4078.245,1234.5307444444445,1607.614636666667,,5035.0
Germany,1992,965.893,79963166.0,2206446064137.79,3995.812,1135.4910716666668,1621.6551127777775,,
Germany,1993,956.132,80428557.0,2210102276981.44,3978.087,1021.6923783333332,1646.8728230555555,,
Germany,1994,939.815,80832928.0,2290161121056.48,3940.492,941.4317369444444,1631.9727644444442,,4356.138
Germany,1995,938.968,81138653.0,2356396796746.18,3960.508,919.3460666666666,1631.1295291666663,,4667.0
Germany,1996,959.151,81323666.0,2402605762968.02,4091.461,860.4739705555555,1658.878005277778,,4843.0
Germany,1997,931.324,81399250.0,2474738123839.62,4038.086,824.1913297222221,1648.9271072222225,,5023.0
Germany,1998,923.357,81402671.0,2552402652260.88,4006.192,756.0475836111111,1650.717191111111,,5727.0
Germany,1999,895.874,81389935.0,2632654443340.8,3949.311,735.9454858333334,1601.107261111111,,5688.0
Germany,2000,899.852,81400883.0,2741356982555.64,3974.284,706.0866816666667,1570.4347999999998,,5198.0
Germany,2001,916.649,81453894.0,2819462587658.78,4044.479,677.5280352777778,1590.9634,,5691.677
Germany,2002,899.971,81535124.0,2851463027414.68,3990.889,679.461833611111,1537.7799619444445,,5144.714
Germany,2003,901.152,81614371.0,2863394153608.68,3987.042,672.2003911111111,1507.717065,,5506.629
Germany,2004,887.089,81646474.0,2929753919858.32,3983.189,679.3446761111112,1490.490135,,5569.954
Germany,2005,866.697,81602739.0,2983874316646.51,3934.98,657.9307961111111,1460.0576019444443,,5757.71
Germany,2006,878.32,81472235.0,3129394649394.59,4031.456,620.4535169444445,1457.2371772222225,,5819.614
Germany,2007,851.624,81277836.0,3268102813351.82,3858.342,632.8358797222222,1319.4585586111111,,6213.46
Germany,2008,854.927,81065751.0,3340932948399.25,3896.741,582.6158280555555,1399.0693452777775,,6045.73
Germany,2009,790.295,80899961.0,3189039980940.45,3653.974,539.8027386111111,1339.8383677777776,,5209.857
Germany,2010,832.949,80827001.0,3356793235783.03,3807.278,533.7950008333333,1357.644269722222,,5905.985
Germany,2011,809.217,80855629.0,3519131413270.23,3667.27,543.4825008333333,1313.2708238888888,,6311.318
Germany,2012,813.985,80972629.0,3536438243308.8,3713.573,555.5952786111111,1305.3892883333333,,5797.471
Germany,2013,831.454,81174373.0,3553715173226.16,3818.325,524.7561119444445,1334.2623944444445,,5877.332
Germany,2014,792.588,81450370.0,3610400694207.02,3657.303,513.2765091666666,1298.3180422222222,,6051.338
Germany,2015,795.61,81787411.0,3672553143586.36,3722.186,497.90944527777776,1296.5422633333335,,6186.364
Germany,2016,800.687,82193770.0,3735419097107.14,3783.259,460.9722230555556,1323.3187280555555,,6210.962
Germany,2017,785.883,82658409.0,3827498210355.11,3828.887,458.4444875,1352.042936111111,,6070.267
Germany,2018,754.112,83124413.0,3885961291103.28,3733.154,439.4076233333333,1286.682612777778,,5554.209
Germany,2019,711.428,83517046.0,,3649.975,330.5277783333333,1294.7367430555555,,5076.349
Germany,2020,644.31,83783945.0,,,272.0000005555556,1169.139651111111,,3833.693
India,1858,0.395,243455595.0,,,,,,
India,1859,0.637,244429232.0,,,,,,
India,1860,0.644,245406706.0,,,,,,
India,1861,0.498,246388032.0,219618560000.0,,,,,
India,1862,0.551,247373226.0,,,,,,
India,1863,0.611,248362301.0,,,,,,
India,1864,0.578,249355276.0,,,,,,
India,1865,0.568,250352166.0,,,,,,
India,1866,0.641,251352986.0,,,,,,
India,1867,,252357751.0,,,,,,
India,1868,,253366477.0,,,,,,
India,1869,,254283265.0,,,,,,
India,1870,,255107500.0,215050000000.0,,,,,
India,1871,,255838563.0,,,,,,
India,1872,,256475832.0,,,,,,
India,1873,,257018683.0,,,,,,
India,1874,,257562626.0,,,,,,
India,1875,,258107664.0,,,,,,
India,1876,,258653799.0,,,,,,
India,1877,,259201033.0,,,,,,
India,1878,1.769,259749368.0,,,,,,
India,1879,1.687,260650638.0,,,,,,
India,1880,1.889,261908874.0,,,,,,
India,1881,1.842,263528141.0,,,,,,
India,1882,2.199,265512544.0,,,,,,
India,1883,2.444,267866225.0,,,,,,
India,1884,2.733,270240712.0,233500588000.0,,,,,
India,1885,2.463,272636189.0,242433816000.0,,,,,
India,1886,2.776,275052841.0,236355820000.0,,,,,
India,1887,3.07,277490853.0,248702400000.0,,,,,
India,1888,3.414,279950415.0,252440820000.0,,,,,
India,1889,4.027,282052078.0,247072518000.0,,,,,
India,1890,4.437,283791657.0,260331806000.0,,,,,
India,1891,4.778,285164933.0,236132730000.0,,,,,
India,1892,5.254,286167644.0,255340540000.0,,,,,
India,1893,5.55,286795490.0,261684549000.0,,,,,
India,1894,5.624,287424652.0,265797360000.0,,,,,
India,1895,7.043,288055133.0,259487840000.0,,,,,
India,1896,7.618,288686934.0,240159000000.0,,,,,
India,1897,8.263,289320059.0,284161116000.0,,,,,
India,1898,9.137,289954511.0,284652072000.0,,,,,
India,1899,10.067,290840108.0,262708325000.0,,,,,
India,1900,11.945,291979136.0,271697500000.0,,,,,
India,1901,13.196,293373897.0,277327800000.0,,,,,
India,1902,14.534,295026710.0,300672000000.0,,,,,
India,1903,14.821,296939909.0,304764400000.0,,,,,
India,1904,16.581,298865451.0,306075000000.0,,,,,
India,1905,16.952,300803415.0,300632500000.0,,,,,
India,1906,19.574,302753881.0,308969700000.0,,,,,
India,1907,21.8,304716930.0,290665100000.0,,,,,
India,1908,24.94,306692643.0,294816900000.0,,,,,
India,1909,24.172,308378771.0,335358000000.0,,,,,
India,1910,23.517,309772810.0,335633100000.0,,,,,
India,1911,24.814,310872238.0,333713100000.0,,,,,
India,1912,28.558,311674516.0,333133200000.0,,,,,
India,1913,31.507,312177087.0,325870100000.0,,,,,
India,1914,31.739,312680404.0,343520000000.0,,,,,
India,1915,33.184,313184465.0,334924200000.0,,,,,
India,1916,33.56,313689273.0,344694000000.0,,,,,
India,1917,35.065,314194829.0,338632800000.0,,,,,
India,1918,39.411,314556958.0,295336800000.0,,,,,
India,1919,43.031,315455236.0,335830000000.0,,,,,
India,1920,34.913,316895450.0,309267200000.0,,,,,
India,1921,37.553,318883445.0,332498600000.0,,,,,
India,1922,36.951,321425121.0,346716800000.0,,,,,
India,1923,38.021,324526435.0,335552000000.0,,,,,
India,1924,40.68,327657673.0,351853700000.0,,,,,
India,1925,40.137,330819124.0,356048700000.0,,,,,
India,1926,39.995,334011077.0,367478400000.0,,,,,
India,1927,41.939,337233829.0,367200000000.0,,,,,
India,1928,40.129,340487677.0,370912500000.0,,,,,
India,1929,41.766,344079020.0,386396000000.0,,,,,
India,1930,42.459,348015421.0,389214800000.0,,,,,
India,1931,38.905,352304571.0,386353000000.0,,,,,
India,1932,36.179,356954300.0,390754000000.0,,,,,
India,1933,35.516,361972574.0,391381200000.0,,,,,
India,1934,39.666,367061397.0,395071600000.0,,,,,
India,1935,41.45,372221763.0,390890400000.0,,,,,
India,1936,40.741,377454675.0,406292700000.0,,,,,
India,1937,45.129,382761156.0,399830200000.0,,,,,
India,1938,50.45,388142237.0,400546500000.0,,,,,
India,1939,49.381,391883882.0,409623600000.0,,,,,
India,1940,52.382,393975786.0,422772400000.0,,,,,
India,1941,53.654,394407406.0,431261700000.0,,,,,
India,1942,53.603,393167957.0,428796600000.0,,,,,
India,1943,46.708,390246408.0,446201700000.0,,,,,
India,1944,47.761,387346568.0,441698400000.0,,,,,
India,1945,52.946,384468277.0,434203200000.0,,,,,
India,1946,52.297,381611373.0,411463200000.0,,,,,
India,1947,53.254,378775698.0,340810000000.0,,,,,
India,1948,53.278,375961095.0,344050000000.0,,,,,
India,1949,56.265,375136619.0,353225000000.0,,,,,
India,1950,61.177,376325200.0,354333000000.0,,,,,
India,1951,64.1,382376945.0,362445000000.0,,,,,
India,1952,67.509,388799076.0,373116000000.0,,,,,
India,1953,68.789,395544365.0,396813000000.0,,,,,
India,1954,72.5,402578594.0,413406000000.0,,,,,
India,1955,78.879,409880606.0,423654000000.0,,,,,
India,1956,81.749,417442811.0,447917000000.0,,,,,
India,1957,91.739,425270709.0,443356000000.0,,,,,
India,1958,95.924,433380978.0,476938000000.0,,,,,
India,1959,101.561,441798571.0,486918000000.0,,,,,
India,1960,111.45,450547675.0,520800000000.0,,,,,
India,1961,120.539,459642166.0,536352000000.0,,,,,54
India,1962,132.729,469077191.0,548432000000.0,,,,,
India,1963,142.601,478825602.0,576288000000.0,,,,,
India,1964,139.639,488848139.0,620466000000.0,,,,,
India,1965,153.868,499123328.0,596065000000.0,616.017,,146.99513249999998,,
India,1966,159.54,509631509.0,601425000000.0,634.827,,164.14968166666668,,
India,1967,159.726,520400577.0,650716000000.0,654.42,,169.36022805555555,,
India,1968,174.246,531513834.0,668220000000.0,699.353,,189.7708955555556,,
India,1969,177.589,543084333.0,712563000000.0,775.25,,227.92883388888887,,
India,1970,181.899,555189797.0,748744000000.0,758.209,,226.8914472222222,,
India,1971,192.145,567868021.0,755656000000.0,788.346,,243.3324633333333,,89
India,1972,203.227,581087255.0,753543000000.0,829.997,,262.3832572222222,,
India,1973,209.291,594770136.0,788800000000.0,847.024,,276.9590755555556,,
India,1974,216.061,608802595.0,796992000000.0,897.931,,271.5429611111111,,
India,1975,234.439,623102900.0,868010000000.0,964.775,,278.0928344444444,,
India,1976,244.99,637630085.0,878540000000.0,1011.859,,293.2586933333333,,
India,1977,259.215,652408766.0,947196000000.0,1070.096,,315.0440355555555,,
India,1978,263.398,667499815.0,997920000000.0,1110.771,,342.3745161111111,0.4447047452777778,
India,1979,276.542,682995348.0,947528000000.0,1173.112,,369.4727558333333,0.48731676166666665,
India,1980,291.992,698952837.0,1015105000000.0,1208.518,,376.81617666666665,0.5153171858333333,
India,1981,315.266,715384997.0,1077444000000.0,1338.55,741.7437705555556,405.65528416666666,0.5812005738888889,149
India,1982,325.684,732239498.0,1111560000000.0,1326.986,734.2449466666666,422.6563377777778,0.6255914233333334,
India,1983,352.53,749428958.0,1202349000000.0,1396.258,776.8370233333334,444.352945,0.6602127297222222,
India,1984,361.889,766833411.0,1248910000000.0,1491.058,815.0645816666668,477.06703111111113,0.7177200930555556,
India,1985,397.953,784360012.0,1298600000000.0,1574.709,841.7091413888888,517.6357952777778,0.759587651111111,
India,1986,426.699,801975250.0,1353105000000.0,1685.871,905.4258408333332,544.2594613888889,0.8213148125,
India,1987,455.759,819682095.0,1412884000000.0,1793.763,992.4842980555557,561.7667794444445,0.8884961669444444,
India,1988,492.144,837468938.0,1560090000000.0,1952.152,1055.135536666667,616.5007922222222,0.9469304366666667,
India,1989,541.135,855334675.0,1663728000000.0,2131.818,1147.4272988888888,667.7726452777778,1.0125548433333333,
India,1990,578.518,873277799.0,1750993000000.0,2287.88,1236.1666416666667,694.0582169444444,1.0768652530555556,
India,1991,615.925,891273202.0,1762411487335.5,2412.731,1321.8241572222223,706.1010913888889,1.1633361697222222,355.0
India,1992,656.033,909307018.0,1842360478877.06,2537.411,1395.09842,744.1865680555555,1.2240841258333333,
India,1993,677.916,927403866.0,1931870520299.62,2600.666,1441.3691508333332,752.0428072222222,1.2847480722222222,
India,1994,716.918,945601828.0,2039524753445.43,2739.064,1466.0951438888887,808.2667119444444,1.3516023644444444,474.583
India,1995,762.121,963922586.0,2171040967817.07,2945.224,1547.9033094444444,901.3517069444443,1.4248986322222221,636.0
India,1996,825.919,982365248.0,2323733022674.67,3064.73,1658.954409166667,972.7613561111112,1.4811960741666668,762.0
India,1997,859.686,1000900028.0,2403114128313.91,3235.209,1713.905461111111,1039.8557002777775,1.535864398888889,746.0
India,1998,877.698,1019483586.0,2541494217890.1,3430.188,1703.4461805555554,1113.5074894444444,1.5330572191666667,513.0
India,1999,951.749,1038058154.0,2681321153303.88,3522.526,1666.204333611111,1222.5789322222222,1.6329001238888887,780.0
India,2000,978.919,1056575548.0,2773211135906.04,3705.991,1771.1917686111112,1281.2372202777776,1.6781733308333333,796.0
India,2001,992.56,1075000094.0,2906877974715.2,3725.269,1793.7571027777776,1285.022191111111,1.715142700277778,824.976
India,2002,1023.027,1093317187.0,2989575556471.24,3896.828,1873.271523611111,1311.6342847222222,1.7752459136111112,891.946
India,2003,1059.616,1111523146.0,3212953734998.67,4046.676,1954.7338625,1336.1465597222225,1.8164640477777778,1160.525
India,2004,1125.471,1129623466.0,3454210812182.42,4341.576,2110.971557222222,1414.2178,2.0147956294444445,1511.171
India,2005,1185.953,1147609924.0,3709371084176.35,4600.812,2207.1597905555554,1438.1441008333331,2.123235927777778,1642.057
India,2006,1259.744,1165486291.0,4024058556640.22,4836.163,2303.6852280555554,1519.2104130555556,2.2478003533333335,1957.755
India,2007,1358.152,1183209471.0,4355554151801.83,5258.09,2446.7547802777776,1622.9005794444445,2.4519347141666663,2249.76
India,2008,1462.815,1200669762.0,4601841953785.29,5556.898,2647.5125172222224,1704.7189841666666,2.7118500252777777,2315.632
India,2009,1612.817,1217726217.0,4945730831162.09,5978.99,2857.7709750000004,1793.476788611111,3.011356538888889,2642.502
India,2010,1677.888,1234281163.0,5314516588695.22,6265.202,2937.109108333333,1832.5694794444444,3.2391280055555556,3553.803
India,2011,1780.13,1250287939.0,5675666756800.0,6633.464,2915.2169166666667,1920.2164416666667,3.4187513555555555,3940.36
India,2012,1963.586,1265780243.0,5949387825048.0,6975.954,2966.210461111111,2036.4174927777776,3.78206425,4148.969
India,2013,2036.937,1280842119.0,6320316113568.0,7243.602,2974.1167638888887,2051.2621980555555,3.980165611111111,3896.088
India,2014,2185.856,1295600768.0,6754741200528.0,7739.36,3133.723813888889,2107.812655,4.442317563888889,3864.56
India,2015,2268.567,1310152392.0,7259602584350.0,7991.9,3268.103052777777,2277.9543552777777,4.360651347222222,4150.284
India,2016,2382.223,1324517250.0,7767449564875.0,8352.07,3301.831066666666,2498.029175,4.284401313888889,4488.964
India,2017,2433.856,1338676779.0,8275647103924.94,8704.049,3329.752880555556,2571.8873769444444,4.547081025,4782.916
India,2018,2599.806,1352642283.0,8835757694781.25,9250.506,3555.3446833333333,2688.0353916666663,4.811457988888889,5174.755
India,2019,2625.968,1366417756.0,,9460.984,3499.011711111112,2774.3929855555552,4.8373674638888895,4515.868
India,2020,2441.792,1380004385.0,,,3522.9658138888885,2505.8961186111114,4.591836269444444,3393.497
Japan,1868,0.011,34086624.0,,,,,,
Japan,1869,0.018,34227032.0,,,,,,
Japan,1870,0.018,34388672.0,54410460000.0,,,,,
Japan,1871,0.026,34571750.0,,,,,,
Japan,1872,0.033,34776473.0,,,,,,
Japan,1873,0.04,35003052.0,,,,,,
Japan,1874,0.586,35231106.0,56639910150.0,,,,,
Japan,1875,1.44,35460646.0,,,,,,
Japan,1876,1.403,35691680.0,,,,,,
Japan,1877,1.29,35924218.0,,,,,,
Japan,1878,1.858,36158270.0,,,,,,
Japan,1879,2.316,36407547.0,,,,,,
Japan,1880,2.349,36672261.0,,,,,,
Japan,1881,2.415,36952627.0,,,,,,
Japan,1882,2.514,37248859.0,,,,,,
Japan,1883,2.711,37561179.0,,,,,,
Japan,1884,2.957,37876116.0,,,,,,
Japan,1885,3.349,38193692.0,66428005573.5,,,,,
Japan,1886,3.605,38513931.0,70750954328.4,,,,,
Japan,1887,4.474,38836853.0,71806081547.0,,,,,
Japan,1888,5.17,39162482.0,67651791118.6,,,,,
Japan,1889,6.254,39499368.0,69633937454.4,,,,,
Japan,1890,6.756,39847686.0,74285741305.8,,,,,
Japan,1891,8.123,40207610.0,70654384098.0,,,,,
Japan,1892,8.075,40579320.0,74927800099.6,,,,,
Japan,1893,8.574,40962994.0,75132032343.9,,,,,
Japan,1894,11.025,41350296.0,83378913245.0,,,,,
Japan,1895,12.227,41741258.0,84461756085.0,,,,,
Japan,1896,12.916,42135915.0,80359885267.2,,,,,
Japan,1897,13.542,42534303.0,81214062573.0,,,,,
Japan,1898,17.246,42936456.0,96336507402.5,,,,,
Japan,1899,17.272,43360172.0,91813412407.2,,,,,
Japan,1900,19.412,43805856.0,93641721211.8,,,,,
Japan,1901,23.274,44273920.0,96537573997.6,,,,,
Japan,1902,24.945,44764779.0,91087775110.5,,,,,
Japan,1903,25.787,45278858.0,101027678015.6,,,,,
Japan,1904,29.052,45798840.0,101057249235.8,,,,,
Japan,1905,29.931,46324792.0,98867773079.0,,,,,
Japan,1906,32.855,46856783.0,109990610947.1,,,,,
Japan,1907,35.072,47394882.0,112465893865.5,,,,,
Japan,1908,37.633,47939159.0,113744843376.0,,,,,
Japan,1909,38.256,48493608.0,114021209442.8,,,,,
Japan,1910,39.384,49058391.0,114732012616.2,,,,,
Japan,1911,44.21,49633673.0,120504691582.0,,,,,
Japan,1912,49.281,50219623.0,123262421639.5,,,,,
Japan,1913,54.315,50816410.0,125595255000.0,,,,,
Japan,1914,58.016,51420287.0,123539493144.4,,,,,
Japan,1915,52.842,52031339.0,133450930435.2,,,,,
Japan,1916,58.598,52649651.0,152258085286.5,,,,,
Japan,1917,67.484,53275310.0,160078846674.6,,,,,
Japan,1918,71.543,53917172.0,163202862368.0,,,,,
Japan,1919,79.194,54589358.0,177876281266.2,,,,,
Japan,1920,74.28,55292553.0,166000627661.4,,,,,
Japan,1921,66.809,56027453.0,183273450129.0,,,,,
Japan,1922,71.43,56794767.0,185576276190.9,,,,,
Japan,1923,75.907,57595218.0,187921544762.6,,,,,
Japan,1924,79.348,58406950.0,194623738639.2,,,,,
Japan,1925,82.011,59230123.0,203229178788.0,,,,,
Japan,1926,82.605,60064898.0,203158042257.0,,,,,
Japan,1927,89.482,60911437.0,205599587846.0,,,,,
Japan,1928,92.391,61769908.0,221638209167.7,,,,,
Japan,1929,94.88,62625034.0,231794743254.8,,,,,
Japan,1930,86.166,63476570.0,214059748764.6,,,,,
Japan,1931,77.904,64324264.0,216533461693.5,,,,,
Japan,1932,77.981,65167857.0,233600036813.1,,,,,
Japan,1933,91.342,66007085.0,254404911809.4,,,,,
Japan,1934,101.203,66857121.0,255724782302.0,,,,,
Japan,1935,106.382,67718104.0,264856329114.0,,,,,
Japan,1936,116.849,68590174.0,279669720297.6,,,,,
Japan,1937,125.431,69473475.0,290452311699.4,,,,,
Japan,1938,131.735,70368151.0,305977481426.9,,,,,
Japan,1939,127.747,71289751.0,347620938539.2,,,,,
Japan,1940,153.244,72238836.0,356253971349.5,,,,,
Japan,1941,154.605,73215978.0,369006691200.0,,,,,
Japan,1942,147.792,74221759.0,370533717660.0,,,,,
Japan,1943,150.637,75256772.0,366773528250.0,,,,,
Japan,1944,138.733,76306218.0,371697737580.0,,,,,
Japan,1945,76.635,77370299.0,280326718080.0,,,,,
Japan,1946,52.707,78449218.0,213946992630.0,,,,,
Japan,1947,70.032,79543183.0,211776703050.0,,,,,
Japan,1948,88.082,80652402.0,229021270650.0,,,,,
Japan,1949,98.42,81738956.0,234992003670.0,,,,,
Japan,1950,102.541,82802084.0,256610910000.0,,,,,
Japan,1951,123.458,84316265.0,288620280872.0,,,,,
Japan,1952,130.406,85659438.0,321973409100.0,,,,,
Japan,1953,145.77,86869979.0,345711962872.0,,,,,
Japan,1954,142.534,87980574.0,365311019472.0,,,,,
Japan,1955,141.875,89018255.0,396713120020.0,,,,,
Japan,1956,160.636,90004180.0,426510425489.0,,,,,
Japan,1957,188.067,90953812.0,457723481991.0,,,,,
Japan,1958,181.161,91877637.0,484394331596.0,,,,,
Japan,1959,192.62,92782242.0,528525046390.0,,,,,
Japan,1960,232.5,93673612.0,597858267852.0,,,,,
Japan,1961,282.787,94560714.0,669824932115.0,,,,,1039
Japan,1962,292.864,95458517.0,729662997798.0,,,,,
Japan,1963,324.835,96389422.0,791534421440.0,,,,,
Japan,1964,358.891,97379402.0,883860322345.0,,,,,
Japan,1965,386.471,98447007.0,935329889106.0,1809.931,,1013.7703088888888,,
Japan,1966,419.245,99596075.0,1034825493960.0,1999.612,,1155.058701388889,,
Japan,1967,489.307,100822283.0,1149408180600.0,2292.715,,1417.9683577777778,,
Japan,1968,561.913,102124002.0,1297449551200.0,2556.479,,1645.9990908333334,,
Japan,1969,653.215,103496032.0,1459365549495.0,2913.557,,1948.934828055556,,
Japan,1970,767.963,104929260.0,1615677561932.0,3257.581,,2296.707862222222,,
Japan,1971,796.544,106427102.0,1691571363144.0,3468.104,,2535.339743333333,,5811
Japan,1972,852.17,107976030.0,1833991351030.0,3633.553,,2708.699282222222,,
Japan,1973,914.265,109528514.0,1981290082122.0,4036.377,,3111.068122222222,,
Japan,1974,914.306,111022692.0,1957033295030.0,4052.26,,2995.7980527777777,,
Japan,1975,868.511,112413362.0,2017465083512.0,3870.189,,2827.1126777777777,,
Japan,1976,907.145,113679190.0,2097612042600.0,4011.589,,2940.281613888889,,
Japan,1977,933.238,114827826.0,2189767655790.0,4041.807,,3019.2486166666663,,
Japan,1978,901.59,115879222.0,2305152994660.0,4209.871,,3123.159075,0.5469789372222222,
Japan,1979,953.071,116867356.0,2431613023242.0,4375.224,,3155.7864916666663,0.6035613669444444,
Japan,1980,944.869,117816942.0,2500143641836.0,4244.663,,2837.0127194444444,0.7058216808333333,
Japan,1981,926.835,118732838.0,2579316769008.0,4185.551,113.17465833333333,2681.8059372222224,0.7894408622222222,11180
Japan,1982,897.408,119605254.0,2658129616560.0,4020.062,114.60848638888888,2498.63574,0.7753532197222223,
Japan,1983,880.909,120427643.0,2719951186945.0,4073.354,111.029005,2498.7277375,0.7401997283333334,
Japan,1984,937.07,121189269.0,2826577044956.0,4421.824,108.36066416666668,2643.381209722222,0.835557353611111,
Japan,1985,912.401,121883483.0,2950873684395.0,4451.01,106.60346416666668,2509.713156111111,0.8746404033333334,
Japan,1986,912.26,122509119.0,3036325889696.0,4456.493,104.19544944444444,2534.758868611111,0.8354736452777778,
Japan,1987,902.53,123072720.0,3162653682800.0,4546.668,84.93133138888889,2547.061288611111,0.8134933361111112,
Japan,1988,985.464,123584522.0,3358737909000.0,4837.037,73.08650194444445,2738.848573611111,0.8967993983333333,
Japan,1989,1021.682,124058517.0,3520997607500.0,5003.158,66.31802805555556,2846.182611111111,0.8892044652777777,
Japan,1990,1158.007,124505243.0,3699821562651.0,5168.547,53.7573025,2963.163222222222,0.9081645611111111,
Japan,1991,1169.692,124929764.0,3824698490013.9,5295.965,52.39059138888889,2995.824780555556,0.9378710933333333,13245.0
Japan,1992,1179.396,125331300.0,3855720194208.01,5361.678,49.46192472222222,3063.815872222222,0.9090488866666667,
Japan,1993,1172.339,125707407.0,3861077308973.93,5437.074,46.98882861111111,3000.4571638888888,0.9145115358333333,
Japan,1994,1227.273,126053127.0,3898677010072.69,5646.801,45.10146555555556,3171.630830555556,0.9655269380555556,10554.0
Japan,1995,1239.62,126365486.0,4003033419980.69,5868.479,40.74100638888888,3290.4519777777778,0.9997694016666666,10196.0
Japan,1996,1251.531,126644099.0,4124648028865.88,5980.051,42.17279916666666,3314.044408333333,1.014951557222222,10346.0
Japan,1997,1244.781,126892745.0,4166540764548.17,6090.235,27.789791944444445,3277.9620638888887,1.0396323630555555,10975.0
Japan,1998,1204.993,127117436.0,4117006889558.46,5956.57,23.819821666666662,3161.2627388888886,0.9860044349999999,10050.0
Japan,1999,1241.611,127326063.0,4104026658817.64,6061.602,25.44685861111111,3213.810263888889,1.0361918680555555,9905.0
Japan,2000,1264.375,127524168.0,4215551823735.38,6128.864,18.878025277777777,3168.357438888889,1.1324670608333334,10145.0
Japan,2001,1249.766,127713824.0,4230083873303.49,6069.191,19.3002175,3073.6782611111107,1.1631296269444444,9777.191
Japan,2002,1279.12,127893075.0,4232499519920.05,6051.151,8.259576388888888,3052.656955555556,1.208236571388889,10257.69
Japan,2003,1287.468,128058368.0,4294503840097.23,6027.271,8.069426944444444,3124.677716666667,1.2494355880555557,10286.318
Japan,2004,1282.862,128204183.0,4386537314625.64,6099.329,8.07300361111111,3042.726763888889,1.3596547297222221,10511.518
Japan,2005,1290.371,128326115.0,4456733937388.24,6207.568,6.716300833333333,2995.7355944444444,1.2850555847222223,10799.659
Japan,2006,1267.362,128422740.0,4517298512750.97,6189.139,8.2018025,2888.4196611111106,1.2986065861111111,11484.233
Japan,2007,1303.134,128494050.0,4589237840215.05,6126.677,8.584543888888888,2798.975163888889,1.3553520044444445,11596.327
Japan,2008,1232.314,128538644.0,4536234167324.2,6042.367,7.404950555555556,2695.1320863888886,1.3399861122222223,11563.629
Japan,2009,1163.213,128555196.0,4287889543915.45,5509.297,7.724134166666666,2415.410718055556,1.1904386066666666,7934.516
Japan,2010,1214.816,128542349.0,4464955831084.99,5869.964,5.530778888888889,2439.481873055556,1.347413821111111,9625.94
Japan,2011,1264.866,128498966.0,4456991334719.0,5572.723,7.6689475,2439.800878055556,1.2663742272222223,8398.654
Japan,2012,1306.01,128423571.0,4523675360358.0,5534.108,7.967745,2602.7437625,1.3237913919444446,9942.711
Japan,2013,1315.343,128314189.0,4614146592493.2,5485.277,8.158160833333334,2486.340010555556,1.4166225030555557,9630.07
Japan,2014,1263.729,128168630.0,4629616138331.4,5344.636,8.862289722222222,2361.1226769444447,1.3588742788888888,9774.558
Japan,2015,1223.396,127985139.0,4685428421030.3,5268.915,7.935755555555555,2266.8971675000003,1.3850094102777777,9278.238
Japan,2016,1203.718,127763267.0,4732216813170.0,5179.953,9.085345555555556,2204.829676388889,1.3712040433333332,9204.49
Japan,2017,1188.123,127502728.0,4844015462029.76,5247.426,9.411325,2172.6105919444444,1.3824266338888889,9690.201
Japan,2018,1143.458,127202190.0,4867010472550.63,5233.466,6.714965833333333,2105.8957694444443,1.3611055294444443,9728.528
Japan,2019,1105.929,126860299.0,,5187.154,4.893106944444444,2033.797005277777,1.3485046941666665,9682.055
Japan,2020,1030.775,126476458.0,,,4.981271666666667,1803.9263338888888,1.3204687916666666,8067.941
United States,1800,0.253,6000000.0,,,,,,
United States,1801,0.267,6113782.0,,,,,,
United States,1802,0.289,6229723.0,,,,,,
United States,1803,0.297,6347862.0,,,,,,
United States,1804,0.333,6468241.0,,,,,,
United States,1805,0.341,6590903.0,,,,,,
United States,1806,0.333,6715891.0,,,,,,
United States,1807,0.377,6843249.0,,,,,,
United States,1808,0.392,6973023.0,,,,,,
United States,1809,0.403,7105258.0,,,,,,
United States,1810,0.418,7302908.0,,,,,,
United States,1811,0.447,7502686.0,,,,,,
United States,1812,0.484,7728031.0,,,,,,
United States,1813,0.52,7980135.0,,,,,,
United States,1814,0.561,8240464.0,,,,,,
United States,1815,0.601,8509285.0,,,,,,
United States,1816,0.663,8786876.0,,,,,,
United States,1817,0.718,9073523.0,,,,,,
United States,1818,0.78,9369520.0,,,,,,
United States,1819,0.762,9667277.0,,,,,,
United States,1820,0.791,9966626.0,26689673088.0,,,,,
United States,1821,0.828,10267384.0,27963712972.8,,,,,
United States,1822,0.865,10569360.0,29657565537.6,,,,,
United States,1823,0.901,10872345.0,30226766223.2,,,,,
United States,1824,1.015,11184015.0,31981950907.2,,,,,
United States,1825,1.136,11504621.0,33619607324.8,,,,,
United States,1826,1.315,11834416.0,34809625536.0,,,,,
United States,1827,1.447,12173666.0,35893989282.4,,,,,
United States,1828,1.594,12522641.0,36860850474.4,,,,,
United States,1829,1.795,12879737.0,36568665734.4,,,,,
United States,1830,2.088,13245133.0,40238457216.0,,,,,
United States,1831,2.264,13619015.0,44058066093.6,,,,,
United States,1832,3.023,14001568.0,47056559680.0,,,,,
United States,1833,3.528,14392986.0,50149631001.6,,,,,
United States,1834,3.382,14795346.0,49144817612.0,,,,,
United States,1835,4.316,15208954.0,52437618464.0,,,,,
United States,1836,4.73,15634125.0,54660301303.2,,,,,
United States,1837,5.305,16071181.0,54343589886.4,,,,,
United States,1838,5.031,16520455.0,55243119064.0,,,,,
United States,1839,5.518,16991513.0,59390148406.4,,,,,
United States,1840,5.873,17485246.0,57903948524.8,,,,,
United States,1841,6.214,18002579.0,58728367808.0,,,,,
United States,1842,6.918,18544472.0,60163726066.4,,,,,
United States,1843,7.764,19111919.0,63127604872.8,,,,,
United States,1844,9.307,19696730.0,68682588624.0,,,,,
United States,1845,11.205,20299435.0,71880057093.6,,,,,
United States,1846,12.71,20920583.0,74456426491.2,,,,,
United States,1847,15.07,21560737.0,78625611864.0,,,,,
United States,1848,16.785,22220480.0,82933099513.6,,,,,
United States,1849,18.221,22899875.0,82996214760.0,,,,,
United States,1850,19.793,23599506.0,85638315600.0,,,,,
United States,1851,24.633,24334712.0,92211324852.0,,,,,
United States,1852,26.791,25092277.0,100197811450.4,,,,,
United States,1853,30.162,25872879.0,110970549360.0,,,,,
United States,1854,33.159,26677755.0,114357382852.8,,,,,
United States,1855,38.161,27507660.0,115306487337.6,,,,,
United States,1856,40.037,28363372.0,121205905184.0,,,,,
United States,1857,41.055,29245692.0,122030283328.0,,,,,
United States,1858,41.649,30155449.0,126084338078.4,,,,,
United States,1859,45.32,31050019.0,133003074739.2,,,,,
United States,1860,47.438,31927846.0,140151915801.6,,,,,
United States,1861,45.679,32787298.0,140904346627.2,,,,,
United States,1862,47.449,33626668.0,149041978646.4,,,,,
United States,1863,54.81,34444166.0,162622113416.0,,,,,
United States,1864,58.657,35281525.0,172058502265.6,,,,,
United States,1865,58.822,36139228.0,167081483135.2,,,,,
United States,1866,59.232,37017769.0,169592857739.2,,,,,
United States,1867,72.866,37917653.0,179172488140.8,,,,,
United States,1868,82.352,38839399.0,185632047049.6,,,,,
United States,1869,93.696,39776936.0,194685253820.0,,,,,
United States,1870,98.62,40730489.0,193277587385.6,,,,,
United States,1871,103.021,41700283.0,202148962748.8,,,,,
United States,1872,126.305,42686547.0,210342271532.8,,,,,
United States,1873,139.507,43689508.0,220907887712.0,,,,,
United States,1874,134.297,44716018.0,219512014086.4,,,,,
United States,1875,135.748,45766631.0,230981045812.0,,,,,
United States,1876,132.82,46841911.0,233741795961.6,,,,,
United States,1877,147.176,47942438.0,241295485320.0,,,,,
United States,1878,143.904,49068804.0,251432413036.8,,,,,
United States,1879,175.469,50222152.0,282359413440.0,,,,,
United States,1880,198.684,51403129.0,315651604156.8,,,,,
United States,1881,210.193,52612396.0,326883215131.2,,,,,
United States,1882,235.394,53850630.0,347742878631.2,,,,,
United States,1883,253.883,55118525.0,356232974603.2,,,,,
United States,1884,267.59,56416253.0,362653656968.0,,,,,
United States,1885,272.162,57744514.0,365398841072.8,,,,,
United States,1886,287.463,59104027.0,376420563705.6,,,,,
United States,1887,307.381,60495526.0,393366417273.6,,,,,
United States,1888,373.875,61919765.0,391556451888.0,,,,,
United States,1889,335.542,63326138.0,415860046233.6,,,,,
United States,1890,401.747,64713188.0,421879369420.8,,,,,
United States,1891,427.425,66079404.0,440079361785.6,,,,,
United States,1892,450.449,67423217.0,482816894270.4,,,,,
United States,1893,454.095,68743000.0,459473434857.6,,,,,
United States,1894,425.05,70088593.0,446220991814.4,,,,,
United States,1895,479.948,71460501.0,500098681546.4,,,,,
United States,1896,480.882,72859236.0,489991419049.6,,,,,
United States,1897,500.287,74285324.0,536744982093.6,,,,,
United States,1898,545.321,75739298.0,547964935247.2,,,,,
United States,1899,625.534,77231772.0,597660502613.6,,,,,
United States,1900,662.738,78763706.0,613998101539.2,,,,,
United States,1901,721.528,80336086.0,683106048921.6,,,,,
United States,1902,764.496,81949920.0,690126914932.0,,,,,
United States,1903,894.407,83606240.0,723766355208.0,,,,,
United States,1904,882.058,85296008.0,714621863124.0,,,,,
United States,1905,986.482,87019897.0,767532723804.0,,,,,
United States,1906,1035.471,88778597.0,855994274856.0,,,,,
United States,1907,1203.861,90572810.0,869070562416.0,,,,,
United States,1908,1052.813,92403252.0,799355551585.5,,,,,
United States,1909,1165.706,94167861.0,890110047879.0,,,,,
United States,1910,1271.582,95863718.0,893975420730.9,,,,,
United States,1911,1258.667,97487822.0,917451792296.2,,,,,
United States,1912,1343.565,99037086.0,954787401171.3,,,,,
United States,1913,1442.542,100508338.0,986598461256.4,,,,,
United States,1914,1317.98,102001413.0,905134495860.0,,,,,
United States,1915,1367.697,103516631.0,925041170368.8,,,,,
United States,1916,1518.981,105054323.0,1046397554243.6,,,,,
United States,1917,1670.971,106614820.0,1014196370726.0,,,,,
United States,1918,1747.718,108135496.0,1099047314156.4,,,,,
United States,1919,1479.159,109687474.0,1102169677581.9,,,,,
United States,1920,1738.246,111271341.0,1085155001375.1,,,,,
United States,1921,1423.669,112887696.0,1054213678802.0,,,,,
United States,1922,1435.758,114537147.0,1105913385205.2,,,,,
United States,1923,1896.736,116220314.0,1244263787041.0,,,,,
United States,1924,1698.32,117928215.0,1274653987854.0,,,,,
United States,1925,1758.098,119661215.0,1296540087248.0,,,,,
United States,1926,1905.959,121419682.0,1372770969604.6,,,,,
United States,1927,1862.746,123203991.0,1378144613845.8,,,,,
United States,1928,1830.87,125014520.0,1385247267999.0,,,,,
United States,1929,1963.414,126654267.0,1461345494248.5,,,,,
United States,1930,1744.828,128119335.0,1322627046342.8,,,,,
United States,1931,1484.893,129405760.0,1237725761432.2,,,,,
United States,1932,1257.773,130509510.0,1051216949918.4,,,,,
United States,1933,1348.842,131426486.0,1015524967410.0,,,,,
United States,1934,1436.196,132349904.0,1100529982580.4,,,,,
United States,1935,1492.28,133279810.0,1237782342557.4,,,,,
United States,1936,1713.35,134216250.0,1359902403644.4,,,,,
United States,1937,1792.546,135159270.0,1462308683989.6,,,,,
United States,1938,1515.693,136108915.0,1373407807593.6,,,,,
United States,1939,1670.854,137254990.0,1469481111625.9,,,,,
United States,1940,1874.914,138601511.0,1592319812042.4,,,,,
United States,1941,2043.496,140152562.0,1815098662467.4,,,,,
United States,1942,2198.166,141912292.0,2013171028423.2,,,,,
United States,1943,2271.985,143884915.0,2203245442932.8,,,,,
United States,1944,2444.854,145884958.0,2361835523186.4,,,,,
United States,1945,2359.495,147912803.0,2314667611553.2,,,,,
United States,1946,2257.404,149968835.0,2103900895010.0,,,,,
United States,1947,2485.752,152053446.0,2070709141273.6,,,,,
United States,1948,2582.445,154167035.0,2168923167816.3,,,,,
United States,1949,2164.747,156416114.0,2126235565440.0,,,,,
United States,1950,2541.361,158804397.0,2320610040000.0,,,,,
United States,1951,2618.576,160872264.0,2497407750000.0,,,,,
United States,1952,2551.082,163266026.0,2590801532000.0,,,,,
United States,1953,2612.826,165909996.0,2709832728000.0,,,,,
United States,1954,2489.314,168736390.0,2691885312000.0,,,,,
United States,1955,2728.348,171685337.0,2882221470000.0,,,,,
United States,1956,2859.82,174705006.0,2938405491000.0,,,,,
United States,1957,2835.606,177751477.0,2993553504000.0,,,,,
United States,1958,2746.937,180788387.0,2963550372000.0,,,,,
United States,1959,2831.737,183786249.0,3183157000000.0,,,,,
United States,1960,2897.138,186720570.0,3262376247000.0,,,,,
United States,1961,2886.696,189569850.0,3338583925000.0,,,,,6653
United States,1962,2993.718,192313747.0,3539745088000.0,,,,,
United States,1963,3126.294,194932400.0,3692868388000.0,,,,,
United States,1964,3264.111,197408497.0,3906860040000.0,,,,,
United States,1965,3399.342,199733679.0,4156141170000.0,14564.955,,6414.477080555555,,
United States,1966,3571.209,201895760.0,4428300240000.0,15384.19,,6731.245155555555,,
United States,1967,3705.254,203905081.0,4538979504000.0,15919.95,,6988.794080555555,,
United States,1968,3840.702,205805756.0,4754925846000.0,16888.651,,7457.961088888888,,
United States,1969,4034.926,207659274.0,4903770015000.0,17791.573,,7831.837883333333,,
United States,1970,4339.471,209513340.0,4912635816000.0,18393.211,,8176.191477777778,,
United States,1971,4365.247,211384079.0,5065682434000.0,18775.555,,8461.683791666666,,10672
United States,1972,4572.791,213269805.0,5334296944000.0,19740.108,,9119.9127,,
United States,1973,4784.823,215178797.0,5637203218000.0,20551.371,,9655.25558611111,,
United States,1974,4620.82,217114898.0,5621366244000.0,20033.612,,9271.50704722222,,
United States,1975,4478.038,219081250.0,5605795188000.0,19544.906,,9049.838475,,
United States,1976,4747.563,221086427.0,5899591030000.0,20609.388,,9729.595241666666,,
United States,1977,4889.398,223135659.0,6166912239000.0,21151.165,,10271.53351388889,,
United States,1978,4941.142,225223307.0,6518624310000.0,21246.981,,10501.413894444444,4.094953294444444,
United States,1979,5008.359,227339321.0,6740172195000.0,21497.561,,10257.833647222222,4.238941263888889,
United States,1980,4808.296,229476360.0,6743208295893.0,20717.494,,9453.471625,4.409209338888888,
United States,1981,4686.172,231636065.0,6911865219272.0,20109.83,5116.415502777778,8812.754913888888,4.483805688888888,7942.916
United States,1982,4447.08,233821851.0,6782206660350.0,19271.578,5189.360891666667,8350.531433333334,4.324575383333333,
United States,1983,4429.187,236030236.0,7066236748706.0,19186.288,4801.775311111112,8311.475663888888,4.482630652777778,
United States,1984,4661.921,238256849.0,7581107814192.0,20206.854,5490.175149999999,8573.317630555555,4.765354861111111,
United States,1985,4652.383,240499822.0,7874872063509.0,20156.714,5380.464727777778,8540.438152777779,4.9428813,
United States,1986,4663.165,242763137.0,8146028056750.0,20279.081,5431.777075,8955.588794444444,4.803640991666667,
United States,1987,4825.445,245052780.0,8432566701090.0,20965.311,5607.636158333334,9142.15293888889,5.0678197944444445,
United States,1988,5050.268,247372258.0,8787202970282.0,21925.043,5773.721952777778,9520.88376111111,5.27037448888889,
United States,1989,5131.927,249725809.0,9091291414932.0,22447.29,5947.047713888889,9517.531330555556,5.334591349999999,
United States,1990,5113.455,252120309.0,9250377703908.0,22498.158,6260.927269444444,9306.91283611111,5.343348263888888,
United States,1991,5057.931,254539371.0,9243499104827.13,22466.677,6023.959438888889,9108.509908333332,5.283846691666667,8789.84
United States,1992,5167.481,256990608.0,9572148077262.13,22803.378,6040.026358333333,9297.387144444445,5.342110791666666,
United States,1993,5267.343,259532130.0,9834941438742.81,23279.396,5661.802275,9376.044916666666,5.483145025000001,
United States,1994,5358.824,262241204.0,10232022095755.9,23712.755,6181.448844444444,9619.746913888888,5.512193683333334,12239.288
United States,1995,5421.502,265163740.0,10510263403545.8,24222.295,6161.255727777778,9597.527172222222,5.498005255555556,11995.248
United States,1996,5610.582,268335007.0,10909166962298.9,25035.434,6345.1793333333335,9947.13924722222,5.706030713888889,11830.157
United States,1997,5686.465,271713634.0,11398757037580.9,25225.64,6489.806141666666,10079.768216666667,5.852684972222222,12130.575
United States,1998,5731.05,275175309.0,11906028764803.4,25391.342,6694.603355555555,10251.11231111111,5.87253805,12002.663
United States,1999,5804.669,278548148.0,12463819225180.0,25840.805,6485.756902777777,10537.092891666667,5.924786119444444,13024.978
United States,2000,6010.508,281710914.0,12973842114208.7,26427.463,6329.957919444444,10654.133475,6.181365491666667,12773.714
United States,2001,5904.882,284607992.0,13100471023245.5,25804.055,6555.920666666667,10636.848424999998,6.0883796638888885,11424.689
United States,2002,5946.771,287279312.0,13334491259387.6,26177.526,6329.052719444444,10642.413158333333,6.1746044527777775,12279.582
United States,2003,6011.837,289815567.0,13708809342467.6,26259.752,6151.262175,10803.682458333333,6.1615293583333335,12087.028
United States,2004,6114.007,292354663.0,14227881723039.1,26776.886,6362.425397222221,11197.866936111111,6.373088072222222,11960.354
United States,2005,6134.521,294993509.0,14703731926204.1,26788.164,6455.162180555556,11214.07823611111,6.4701797305555555,11946.653
United States,2006,6051.668,297758977.0,15095883825899.2,26571.789,6623.4182388888885,11070.909027777778,6.374198341666667,11260.277
United States,2007,6131.004,300608425.0,15364464463208.4,26943.482,6540.788919444445,11001.755522222222,6.431168997222223,10752.31
United States,2008,5914.078,303486022.0,15319730510090.9,26277.996,6640.640522222223,10273.69516388889,6.323379533333333,8672.141
United States,2009,5478.21,306307565.0,14894294049817.7,24978.914,6020.422702777778,9737.244622222222,5.637504716666667,5709.431
United States,2010,5675.786,309011469.0,15270621692550.6,25825.74,6135.828155555555,9891.227891666667,5.833684563888888,7743.093
United States,2011,5540.173,311584051.0,15509302195602.5,25580.121,6186.828952777778,9696.931541666669,5.555978691666667,8655.003
United States,2012,5338.698,314043885.0,15849635251847.4,24913.288,5756.809200000001,9475.43988888889,4.924916625,10332.626
United States,2013,5474.257,316400539.0,16108428789894.6,25582.098,5568.713388888889,9638.894397222222,5.033402336111111,11066.432
United States,2014,5522.807,318673422.0,16482662331867.2,25848.401,5647.89561111111,9705.043622222222,5.025801433333334,11660.702
United States,2015,5371.771,320878312.0,16902578824808.6,25596.966,4996.507202777778,9905.574730555556,4.359696244444445,12105.49
United States,2016,5248.024,323015992.0,17162557226290.5,25560.52,4083.574497222222,9979.081169444446,3.9720149444444446,12177.82
United States,2017,5207.751,325084758.0,17596283630286.2,25647.389,4350.378661111111,10076.847455555557,3.8547894138888887,11189.985
United States,2018,5375.491,327096263.0,18140645383318.5,26556.388,4277.451369444444,10317.512122222222,3.7354773138888886,11297.19
United States,2019,5255.816,329064917.0,,26291.355,3969.054133333333,10314.442883333331,3.2041232,10892.884
United States,2020,4712.771,331002647.0,,,2976.3230666666664,9038.97414722222,2.6170083325,8821.026
