Entity,Code,Year,Coal Production - TWh
Africa,,1981,909.9033433333332
Africa,,1982,998.7121947222222
Africa,,1983,1011.8727966666668
Africa,,1984,1128.4528458333332
Africa,,1985,1198.910662222222
Africa,,1986,1229.491193888889
Africa,,1987,1230.7749333333331
Africa,,1988,1264.931453611111
Africa,,1989,1228.4504005555557
Africa,,1990,1221.2260188888888
Africa,,1991,1244.8148102777775
Africa,,1992,1273.1393947222225
Africa,,1993,1296.9969405555555
Africa,,1994,1348.0317583333333
Africa,,1995,1416.04341
Africa,,1996,1411.6851802777776
Africa,,1997,1501.607581388889
Africa,,1998,1521.7465094444444
Africa,,1999,1519.3371783333334
Africa,,2000,1518.0176616666668
Africa,,2001,1514.2569430555557
Africa,,2002,1488.9234872222223
Africa,,2003,1599.9606094444446
Africa,,2004,1634.8584202777777
Africa,,2005,1645.393738611111
Africa,,2006,1634.157563888889
Africa,,2007,1633.5044844444444
Africa,,2008,1659.7474080555555
Africa,,2009,1645.727723888889
Africa,,2010,1706.9717883333333
Africa,,2011,1697.5177480555556
Africa,,2012,1766.9137822222222
Africa,,2013,1771.9929480555554
Africa,,2014,1831.7217183333328
Africa,,2015,1758.9639444444445
Africa,,2016,1782.0427219444443
Africa,,2017,1849.958605
Africa,,2018,1907.9033216666664
Africa,,2019,1898.7293758333333
Africa,,2020,1797.4649783333332
Asia Pacific,,1981,5779.086238888888
Asia Pacific,,1982,6076.253219444445
Asia Pacific,,1983,6433.60385
Asia Pacific,,1984,6965.853261111111
Asia Pacific,,1985,7708.579858333333
Asia Pacific,,1986,7978.928438888889
Asia Pacific,,1987,8299.696922222221
Asia Pacific,,1988,8641.846033333333
Asia Pacific,,1989,9265.44893611111
Asia Pacific,,1990,9534.057525
Asia Pacific,,1991,9720.994841666668
Asia Pacific,,1992,10056.278833333332
Asia Pacific,,1993,10319.89277777778
Asia Pacific,,1994,10900.698683333332
Asia Pacific,,1995,11816.443841666664
Asia Pacific,,1996,12238.811105555556
Asia Pacific,,1997,12411.1455
Asia Pacific,,1998,12139.653013888888
Asia Pacific,,1999,12475.035752777778
Asia Pacific,,2000,12979.74253888889
Asia Pacific,,2001,13782.383127777775
Asia Pacific,,2002,14601.391563888888
Asia Pacific,,2003,16544.380319444444
Asia Pacific,,2004,18872.62389722222
Asia Pacific,,2005,20862.300422222223
Asia Pacific,,2006,22342.563402777778
Asia Pacific,,2007,24015.516394444447
Asia Pacific,,2008,25068.34459722222
Asia Pacific,,2009,26036.116730555557
Asia Pacific,,2010,27902.001
Asia Pacific,,2011,30600.78819444444
Asia Pacific,,2012,31321.964472222226
Asia Pacific,,2013,32421.60733333333
Asia Pacific,,2014,32304.171388888888
Asia Pacific,,2015,32056.44677777777
Asia Pacific,,2016,30579.63011111111
Asia Pacific,,2017,31225.388194444444
Asia Pacific,,2018,33329.654444444444
Asia Pacific,,2019,34670.58861111111
Asia Pacific,,2020,34339.17113888889
Australia,AUS,1981,788.5712011111111
Australia,AUS,1982,804.9543041666666
Australia,AUS,1983,838.7407188888889
Australia,AUS,1984,880.9173219444443
Australia,AUS,1985,1074.3456702777778
Australia,AUS,1986,1142.859530833333
Australia,AUS,1987,1193.6675458333334
Australia,AUS,1988,1173.2935125
Australia,AUS,1989,1274.6780002777778
Australia,AUS,1990,1334.6012127777778
Australia,AUS,1991,1384.4242752777775
Australia,AUS,1992,1477.2352544444443
Australia,AUS,1993,1484.100065
Australia,AUS,1994,1516.9103519444443
Australia,AUS,1995,1591.8179891666666
Australia,AUS,1996,1640.6822566666667
Australia,AUS,1997,1789.1142891666666
Australia,AUS,1998,1832.1017852777777
Australia,AUS,1999,1931.9179208333333
Australia,AUS,2000,1996.8197844444444
Australia,AUS,2001,2157.920964722222
Australia,AUS,2002,2224.0463311111107
Australia,AUS,2003,2299.047704444444
Australia,AUS,2004,2388.8310366666665
Australia,AUS,2005,2501.288445
Australia,AUS,2006,2556.8404677777776
Australia,AUS,2007,2640.855274444444
Australia,AUS,2008,2720.621501388889
Australia,AUS,2009,2822.833886111111
Australia,AUS,2010,2914.7894666666666
Australia,AUS,2011,2850.8133666666668
Australia,AUS,2012,3091.909191666666
Australia,AUS,2013,3323.743272222222
Australia,AUS,2014,3559.449597222222
Australia,AUS,2015,3555.7026166666665
Australia,AUS,2016,3563.055752777778
Australia,AUS,2017,3473.3133916666666
Australia,AUS,2018,3636.380155555556
Australia,AUS,2019,3669.877677777778
Australia,AUS,2020,3451.008913888889
Brazil,BRA,1981,33.74405888888889
Brazil,BRA,1982,37.195046111111104
Brazil,BRA,1983,39.68397555555556
Brazil,BRA,1984,44.53918777777778
Brazil,BRA,1985,45.45385222222222
Brazil,BRA,1986,43.10174527777777
Brazil,BRA,1987,39.26487916666666
Brazil,BRA,1988,42.77326166666667
Brazil,BRA,1989,38.6034775
Brazil,BRA,1990,19.620711666666665
Brazil,BRA,1991,23.47046583333333
Brazil,BRA,1992,21.972292222222222
Brazil,BRA,1993,21.837795
Brazil,BRA,1994,24.354949722222223
Brazil,BRA,1995,23.892641666666663
Brazil,BRA,1996,22.26761083333333
Brazil,BRA,1997,26.05589222222222
Brazil,BRA,1998,25.49710805555556
Brazil,BRA,1999,26.12403972222222
Brazil,BRA,2000,31.22725388888889
Brazil,BRA,2001,26.80880583333333
Brazil,BRA,2002,29.793071388888887
Brazil,BRA,2003,27.19624083333333
Brazil,BRA,2004,31.538048888888888
Brazil,BRA,2005,33.07119222222222
Brazil,BRA,2006,33.04171
Brazil,BRA,2007,34.01414972222222
Brazil,BRA,2008,37.86603777777778
Brazil,BRA,2009,35.402791944444445
Brazil,BRA,2010,31.785671666666666
Brazil,BRA,2011,31.811421111111112
Brazil,BRA,2012,33.94787083333333
Brazil,BRA,2013,42.16507388888889
Brazil,BRA,2014,41.8268925
Brazil,BRA,2015,33.80048472222222
Brazil,BRA,2016,31.147717222222223
Brazil,BRA,2017,25.328681944444444
Brazil,BRA,2018,27.44856055555556
Brazil,BRA,2019,25.144266388888887
Brazil,BRA,2020,26.195266944444445
Bulgaria,BGR,1981,54.99801611111111
Bulgaria,BGR,1982,60.48164194444444
Bulgaria,BGR,1983,60.81574166666667
Bulgaria,BGR,1984,60.70202583333334
Bulgaria,BGR,1985,57.95498555555555
Bulgaria,BGR,1986,65.98147999999999
Bulgaria,BGR,1987,68.92223722222222
Bulgaria,BGR,1988,63.966427777777774
Bulgaria,BGR,1989,64.21582777777778
Bulgaria,BGR,1990,59.20681805555555
Bulgaria,BGR,1991,54.24858861111111
Bulgaria,BGR,1992,62.574889444444445
Bulgaria,BGR,1993,60.63590083333333
Bulgaria,BGR,1994,58.66627888888889
Bulgaria,BGR,1995,61.48518166666667
Bulgaria,BGR,1996,62.81949138888889
Bulgaria,BGR,1997,58.28521027777778
Bulgaria,BGR,1998,58.92281361111111
Bulgaria,BGR,1999,49.72958916666666
Bulgaria,BGR,2000,49.94825638888889
Bulgaria,BGR,2001,52.304180555555554
Bulgaria,BGR,2002,51.50115222222222
Bulgaria,BGR,2003,54.02544388888889
Bulgaria,BGR,2004,52.780743055555554
Bulgaria,BGR,2005,48.589418888888886
Bulgaria,BGR,2006,50.09491083333334
Bulgaria,BGR,2007,56.33936027777778
Bulgaria,BGR,2008,56.53613972222222
Bulgaria,BGR,2009,53.5786075
Bulgaria,BGR,2010,57.51613
Bulgaria,BGR,2011,72.23261583333333
Bulgaria,BGR,2012,65.27039777777777
Bulgaria,BGR,2013,55.695232777777775
Bulgaria,BGR,2014,59.64588555555556
Bulgaria,BGR,2015,68.23731527777778
Bulgaria,BGR,2016,59.52442166666666
Bulgaria,BGR,2017,66.27609027777778
Bulgaria,BGR,2018,61.27984222222222
Bulgaria,BGR,2019,56.7224525
Bulgaria,BGR,2020,45.14698416666666
CIS,,1981,4027.845244444444
CIS,,1982,4061.5602277777775
CIS,,1983,4057.7873777777777
CIS,,1984,4013.748222222222
CIS,,1985,2876.8976583333333
CIS,,1986,2988.708222222222
CIS,,1987,3023.923694444444
CIS,,1988,3102.548091666667
CIS,,1989,2989.7113
CIS,,1990,2871.748530555556
CIS,,1991,2689.861488611111
CIS,,1992,2578.749707777777
CIS,,1993,2307.5055975
CIS,,1994,2078.677776111111
CIS,,1995,1889.2557772222224
CIS,,1996,1809.530785555556
CIS,,1997,1734.6009680555553
CIS,,1998,1635.7421105555557
CIS,,1999,1684.7194330555556
CIS,,2000,1806.208195833333
CIS,,2001,1908.684772222222
CIS,,2002,1813.0690288888889
CIS,,2003,1979.389758055556
CIS,,2004,2047.3529763888887
CIS,,2005,2028.610063055556
CIS,,2006,2139.6580813888886
CIS,,2007,2180.3326891666666
CIS,,2008,2311.781351666667
CIS,,2009,2175.514632777777
CIS,,2010,2330.255148611111
CIS,,2011,2436.5544827777776
CIS,,2012,2585.135065833333
CIS,,2013,2640.3653263888887
CIS,,2014,2654.389176111111
CIS,,2015,2733.838076388889
CIS,,2016,2804.383108333333
CIS,,2017,2993.2775555555554
CIS,,2018,3200.7668361111114
CIS,,2019,3186.1398777777777
CIS,,2020,2937.957297222222
Canada,CAN,1981,269.3172336111111
Canada,CAN,1982,285.6330625
Canada,CAN,1983,296.11418888888886
Canada,CAN,1984,387.88893277777777
Canada,CAN,1985,413.0922161111111
Canada,CAN,1986,383.9216691666667
Canada,CAN,1987,387.2044575
Canada,CAN,1988,448.3874983333333
Canada,CAN,1989,477.3333386111111
Canada,CAN,1990,464.7502980555556
Canada,CAN,1991,485.5488519444445
Canada,CAN,1992,431.5361219444444
Canada,CAN,1993,458.6980719444445
Canada,CAN,1994,482.0191536111111
Canada,CAN,1995,500.2250469444445
Canada,CAN,1996,508.9485561111111
Canada,CAN,1997,527.2064372222222
Canada,CAN,1998,498.62861
Canada,CAN,1999,479.2760480555555
Canada,CAN,2000,454.52445277777775
Canada,CAN,2001,462.9013883333333
Canada,CAN,2002,398.4580425
Canada,CAN,2003,369.970305
Canada,CAN,2004,394.37389055555553
Canada,CAN,2005,410.78751694444446
Canada,CAN,2006,404.73532527777775
Canada,CAN,2007,415.14720666666665
Canada,CAN,2008,413.9311175
Canada,CAN,2009,385.47669527777776
Canada,CAN,2010,412.0089183333333
Canada,CAN,2011,412.4502777777777
Canada,CAN,2012,414.8230555555555
Canada,CAN,2013,423.7813888888889
Canada,CAN,2014,420.55694444444447
Canada,CAN,2015,379.01722222222224
Canada,CAN,2016,380.6036111111112
Canada,CAN,2017,369.53777777777776
Canada,CAN,2018,339.4161111111111
Canada,CAN,2019,316.3258333333333
Canada,CAN,2020,247.3583625
China,CHN,1981,3614.604
China,CHN,1982,3874.5345
China,CHN,1983,4154.8175
China,CHN,1984,4589.198
China,CHN,1985,5072.4245
China,CHN,1986,5198.61
China,CHN,1987,5396.9015
China,CHN,1988,5698.1185
China,CHN,1989,6130.173
China,CHN,1990,6279.519644444445
China,CHN,1991,6323.265888888889
China,CHN,1992,6491.749699999999
China,CHN,1993,6691.146049999999
China,CHN,1994,7210.024313888889
China,CHN,1995,7912.650763888889
China,CHN,1996,8121.80701111111
China,CHN,1997,8068.494508333333
China,CHN,1998,7745.746308333333
China,CHN,1999,7931.6443
China,CHN,2000,8226.111591666666
China,CHN,2001,8715.22973888889
China,CHN,2002,9307.321841666666
China,CHN,2003,10994.301994444444
China,CHN,2004,12873.730019444443
China,CHN,2005,14440.990188888887
China,CHN,2006,15449.55418611111
China,CHN,2007,16738.864930555555
China,CHN,2008,17349.282741666666
China,CHN,2009,17885.351891666665
China,CHN,2010,19367.24898888889
China,CHN,2011,21535.06720833333
China,CHN,2012,21789.30283333333
China,CHN,2013,22034.135552777778
China,CHN,2014,21680.76276388889
China,CHN,2015,21273.959438888887
China,CHN,2016,19671.231811111116
China,CHN,2017,20326.109319444444
China,CHN,2018,21352.949933333333
China,CHN,2019,22154.43870833333
China,CHN,2020,22475.08011388889
Colombia,COL,1981,32.02176277777778
Colombia,COL,1982,35.48201361111111
Colombia,COL,1983,40.55041416666666
Colombia,COL,1984,53.25993388888889
Colombia,COL,1985,72.01365777777777
Colombia,COL,1986,86.16120388888889
Colombia,COL,1987,117.11247166666666
Colombia,COL,1988,121.18099472222222
Colombia,COL,1989,151.68287944444444
Colombia,COL,1990,164.24955972222222
Colombia,COL,1991,160.74276583333332
Colombia,COL,1992,175.74093
Colombia,COL,1993,174.2403111111111
Colombia,COL,1994,181.8798255555556
Colombia,COL,1995,206.55577805555555
Colombia,COL,1996,237.2422308333333
Colombia,COL,1997,262.7447275
Colombia,COL,1998,269.31695666666667
Colombia,COL,1999,262.84102388888886
Colombia,COL,2000,306.8805775
Colombia,COL,2001,352.37654972222225
Colombia,COL,2002,316.85098527777774
Colombia,COL,2003,401.4604408333333
Colombia,COL,2004,432.4317916666666
Colombia,COL,2005,478.8747508333333
Colombia,COL,2006,528.8038647222222
Colombia,COL,2007,558.4456036111111
Colombia,COL,2008,587.2048827777777
Colombia,COL,2009,581.6551313888888
Colombia,COL,2010,593.9798619444445
Colombia,COL,2011,685.4781283333333
Colombia,COL,2012,711.2113580555556
Colombia,COL,2013,683.0241841666667
Colombia,COL,2014,707.6454083333333
Colombia,COL,2015,683.4352305555556
Colombia,COL,2016,723.0962011111111
Colombia,COL,2017,723.392246111111
Colombia,COL,2018,673.3402105555555
Colombia,COL,2019,673.8107130555555
Colombia,COL,2020,404.28642777777776
Czechia,CZE,1981,496.2209897222222
Czechia,CZE,1982,501.4459997222222
Czechia,CZE,1983,509.620785
Czechia,CZE,1984,517.1271358333333
Czechia,CZE,1985,510.8001833333333
Czechia,CZE,1986,509.73057222222224
Czechia,CZE,1987,506.9039588888888
Czechia,CZE,1988,494.7814863888888
Czechia,CZE,1989,473.7407813888889
Czechia,CZE,1990,422.0584897222223
Czechia,CZE,1991,394.4375333333333
Czechia,CZE,1992,365.3787261111111
Czechia,CZE,1993,357.6968186111111
Czechia,CZE,1994,326.8421930555556
Czechia,CZE,1995,316.6453861111111
Czechia,CZE,1996,320.4334788888889
Czechia,CZE,1997,325.276855
Czechia,CZE,1998,303.55846777777776
Czechia,CZE,1999,269.04248861111114
Czechia,CZE,2000,291.31521805555553
Czechia,CZE,2001,294.7864822222222
Czechia,CZE,2002,282.0840102777778
Czechia,CZE,2003,283.6000272222222
Czechia,CZE,2004,272.2294175
Czechia,CZE,2005,274.1187975
Czechia,CZE,2006,277.5099544444444
Czechia,CZE,2007,276.8405663888889
Czechia,CZE,2008,264.99173638888885
Czechia,CZE,2009,242.52396027777775
Czechia,CZE,2010,242.34268361111108
Czechia,CZE,2011,244.40384527777775
Czechia,CZE,2012,235.90388527777776
Czechia,CZE,2013,206.7583027777778
Czechia,CZE,2014,197.64938444444445
Czechia,CZE,2015,196.75517694444443
Czechia,CZE,2016,187.3556713888889
Czechia,CZE,2017,177.73419583333333
Czechia,CZE,2018,171.00909
Czechia,CZE,2019,156.24454916666664
Czechia,CZE,2020,118.65254833333334
Europe,,1981,5238.366716666666
Europe,,1982,5477.785744444444
Europe,,1983,5407.022272222222
Europe,,1984,4968.0937277777775
Europe,,1985,6525.848208333333
Europe,,1986,6651.0654583333335
Europe,,1987,6548.6291
Europe,,1988,6463.784527777778
Europe,,1989,6209.885686111111
Europe,,1990,5708.1919638888885
Europe,,1991,5181.325841666666
Europe,,1992,4914.369144444444
Europe,,1993,4464.545394444444
Europe,,1994,4058.7859388888887
Europe,,1995,4019.883475
Europe,,1996,3813.3382888888887
Europe,,1997,3814.891444444445
Europe,,1998,3493.5919805555554
Europe,,1999,3350.397955555555
Europe,,2000,3228.2933916666666
Europe,,2001,3203.836263888889
Europe,,2002,3175.918788888889
Europe,,2003,3151.6934861111117
Europe,,2004,3053.600338888889
Europe,,2005,2987.383641666667
Europe,,2006,2976.6171944444445
Europe,,2007,2920.106113888889
Europe,,2008,2853.008930555556
Europe,,2009,2697.934290277778
Europe,,2010,2666.6173622222223
Europe,,2011,2761.2154016666664
Europe,,2012,2767.8093025000003
Europe,,2013,2620.927375833333
Europe,,2014,2389.9070069444447
Europe,,2015,2193.2798544444445
Europe,,2016,2099.774642222222
Europe,,2017,2014.8277955555557
Europe,,2018,2022.1988172222225
Europe,,2019,1799.7942075
Europe,,2020,1536.7577077777778
European Union,,1981,4110.3745944444445
European Union,,1982,4352.655925
European Union,,1983,4299.359844444444
European Union,,1984,4325.908141666667
European Union,,1985,4449.041141666667
European Union,,1986,4432.538011111111
European Union,,1987,4359.998408333333
European Union,,1988,4302.673483333333
European Union,,1989,4119.911838888889
European Union,,1990,3713.3926138888887
European Union,,1991,3352.3765611111107
European Union,,1992,3196.2822416666663
European Union,,1993,3003.1359583333333
European Union,,1994,2878.9068888888887
European Union,,1995,2875.8185777777776
European Union,,1996,2808.7852722222224
European Union,,1997,2776.5688138888886
European Union,,1998,2479.3987691666666
European Union,,1999,2382.3116469444444
European Union,,2000,2295.4443069444446
European Union,,2001,2262.647463055556
European Union,,2002,2254.6306619444445
European Union,,2003,2248.508532222222
European Union,,2004,2180.7293983333334
European Union,,2005,2150.835902777778
European Union,,2006,2110.723325555556
European Union,,2007,2047.504086388889
European Union,,2008,1945.2554158333328
European Union,,2009,1821.459388055556
European Union,,2010,1792.9378238888887
European Union,,2011,1823.7548325
European Union,,2012,1829.3083383333333
European Union,,2013,1734.3088597222222
European Union,,2014,1663.2110180555555
European Union,,2015,1618.1889150000002
European Union,,2016,1510.7558627777778
European Union,,2017,1497.679344722222
European Union,,2018,1445.8171225
European Union,,2019,1265.4493222222222
European Union,,2020,1051.8224433333332
Germany,DEU,1981,1731.1663522222225
Germany,DEU,1982,1738.716392777778
Germany,DEU,1983,1642.87059
Germany,DEU,1984,1662.8279141666667
Germany,DEU,1985,1728.615478888889
Germany,DEU,1986,1669.0493625
Germany,DEU,1987,1616.066233888889
Germany,DEU,1988,1603.5988458333334
Germany,DEU,1989,1530.111064166667
Germany,DEU,1990,1454.1818855555557
Germany,DEU,1991,1234.5307444444445
Germany,DEU,1992,1135.4910716666668
Germany,DEU,1993,1021.6923783333332
Germany,DEU,1994,941.4317369444444
Germany,DEU,1995,919.3460666666666
Germany,DEU,1996,860.4739705555555
Germany,DEU,1997,824.1913297222221
Germany,DEU,1998,756.0475836111111
Germany,DEU,1999,735.9454858333334
Germany,DEU,2000,706.0866816666667
Germany,DEU,2001,677.5280352777778
Germany,DEU,2002,679.461833611111
Germany,DEU,2003,672.2003911111111
Germany,DEU,2004,679.3446761111112
Germany,DEU,2005,657.9307961111111
Germany,DEU,2006,620.4535169444445
Germany,DEU,2007,632.8358797222222
Germany,DEU,2008,582.6158280555555
Germany,DEU,2009,539.8027386111111
Germany,DEU,2010,533.7950008333333
Germany,DEU,2011,543.4825008333333
Germany,DEU,2012,555.5952786111111
Germany,DEU,2013,524.7561119444445
Germany,DEU,2014,513.2765091666666
Germany,DEU,2015,497.90944527777776
Germany,DEU,2016,460.9722230555556
Germany,DEU,2017,458.4444875
Germany,DEU,2018,439.4076233333333
Germany,DEU,2019,330.5277783333333
Germany,DEU,2020,272.0000005555556
Greece,GRC,1981,40.44723277777778
Greece,GRC,1982,42.38204611111111
Greece,GRC,1983,46.24902111111111
Greece,GRC,1984,50.270675
Greece,GRC,1985,56.265614444444445
Greece,GRC,1986,58.79976805555555
Greece,GRC,1987,69.42046555555555
Greece,GRC,1988,73.11574333333333
Greece,GRC,1989,82.81957694444445
Greece,GRC,1990,82.78815499999999
Greece,GRC,1991,80.28654083333333
Greece,GRC,1992,81.35301416666667
Greece,GRC,1993,83.30685416666667
Greece,GRC,1994,85.60610166666666
Greece,GRC,1995,87.34246416666666
Greece,GRC,1996,83.61039833333334
Greece,GRC,1997,89.62310833333333
Greece,GRC,1998,94.50538
Greece,GRC,1999,93.43890666666664
Greece,GRC,2000,95.61720333333334
Greece,GRC,2001,97.59896
Greece,GRC,2002,99.80981833333333
Greece,GRC,2003,95.08688
Greece,GRC,2004,99.39928166666668
Greece,GRC,2005,99.29694
Greece,GRC,2006,95.02058666666666
Greece,GRC,2007,97.56522833333334
Greece,GRC,2008,94.546085
Greece,GRC,2009,95.08571583333334
Greece,GRC,2010,85.07810083333334
Greece,GRC,2011,87.28198583333334
Greece,GRC,2012,93.55986333333333
Greece,GRC,2013,78.25012666666666
Greece,GRC,2014,74.24824833333334
Greece,GRC,2015,66.00332027777777
Greece,GRC,2016,46.20090777777778
Greece,GRC,2017,53.11735
Greece,GRC,2018,49.71599388888889
Greece,GRC,2019,59.63286
Greece,GRC,2020,30.49277638888889
Hungary,HUN,1981,83.50741888888889
Hungary,HUN,1982,83.7017761111111
Hungary,HUN,1983,80.29270027777777
Hungary,HUN,1984,78.43279
Hungary,HUN,1985,76.24481138888889
Hungary,HUN,1986,72.13165027777778
Hungary,HUN,1987,71.60767527777779
Hungary,HUN,1988,65.99191722222223
Hungary,HUN,1989,63.11499555555556
Hungary,HUN,1990,57.09429805555556
Hungary,HUN,1991,55.17229333333333
Hungary,HUN,1992,50.173681388888895
Hungary,HUN,1993,43.22422361111111
Hungary,HUN,1994,41.21289361111111
Hungary,HUN,1995,41.92777694444444
Hungary,HUN,1996,44.78287972222222
Hungary,HUN,1997,46.77155
Hungary,HUN,1998,42.74977694444444
Hungary,HUN,1999,39.51658222222222
Hungary,HUN,2000,38.56221083333333
Hungary,HUN,2001,35.13605611111112
Hungary,HUN,2002,34.42073055555555
Hungary,HUN,2003,35.54514388888889
Hungary,HUN,2004,27.06829583333333
Hungary,HUN,2005,20.33093805555556
Hungary,HUN,2006,20.429246388888888
Hungary,HUN,2007,20.61780361111111
Hungary,HUN,2008,19.69616083333333
Hungary,HUN,2009,18.09680333333333
Hungary,HUN,2010,18.529765
Hungary,HUN,2011,19.136536944444444
Hungary,HUN,2012,18.68322277777778
Hungary,HUN,2013,18.74430361111111
Hungary,HUN,2014,18.467916666666667
Hungary,HUN,2015,17.657643055555557
Hungary,HUN,2016,17.008642499999997
Hungary,HUN,2017,14.923139166666669
Hungary,HUN,2018,14.784615277777778
Hungary,HUN,2019,11.554311944444445
Hungary,HUN,2020,10.335887777777778
India,IND,1981,741.7437705555556
India,IND,1982,734.2449466666666
India,IND,1983,776.8370233333334
India,IND,1984,815.0645816666668
India,IND,1985,841.7091413888888
India,IND,1986,905.4258408333332
India,IND,1987,992.4842980555557
India,IND,1988,1055.135536666667
India,IND,1989,1147.4272988888888
India,IND,1990,1236.1666416666667
India,IND,1991,1321.8241572222223
India,IND,1992,1395.09842
India,IND,1993,1441.3691508333332
India,IND,1994,1466.0951438888887
India,IND,1995,1547.9033094444444
India,IND,1996,1658.954409166667
India,IND,1997,1713.905461111111
India,IND,1998,1703.4461805555554
India,IND,1999,1666.204333611111
India,IND,2000,1771.1917686111112
India,IND,2001,1793.7571027777776
India,IND,2002,1873.271523611111
India,IND,2003,1954.7338625
India,IND,2004,2110.971557222222
India,IND,2005,2207.1597905555554
India,IND,2006,2303.6852280555554
India,IND,2007,2446.7547802777776
India,IND,2008,2647.5125172222224
India,IND,2009,2857.7709750000004
India,IND,2010,2937.109108333333
India,IND,2011,2915.2169166666667
India,IND,2012,2966.210461111111
India,IND,2013,2974.1167638888887
India,IND,2014,3133.723813888889
India,IND,2015,3268.103052777777
India,IND,2016,3301.831066666666
India,IND,2017,3329.7528805555557
India,IND,2018,3555.3446833333333
India,IND,2019,3499.0117111111117
India,IND,2020,3522.9658138888885
Indonesia,IDN,1981,2.7412375
Indonesia,IDN,1982,4.043325277777777
Indonesia,IDN,1983,4.454510833333334
Indonesia,IDN,1984,10.074047777777777
Indonesia,IDN,1985,13.7061875
Indonesia,IDN,1986,17.749513055555557
Indonesia,IDN,1987,20.76487416666667
Indonesia,IDN,1988,30.77039111111111
Indonesia,IDN,1989,59.62191611111111
Indonesia,IDN,1990,73.5336963888889
Indonesia,IDN,1991,94.84681805555554
Indonesia,IDN,1992,153.2351775
Indonesia,IDN,1993,189.00832694444443
Indonesia,IDN,1994,225.26119333333327
Indonesia,IDN,1995,286.7334447222222
Indonesia,IDN,1996,345.0532727777777
Indonesia,IDN,1997,375.68660222222223
Indonesia,IDN,1998,426.4680272222222
Indonesia,IDN,1999,504.9359511111111
Indonesia,IDN,2000,527.9636141666666
Indonesia,IDN,2001,634.1884527777778
Indonesia,IDN,2002,708.1239666666667
Indonesia,IDN,2003,783.1578533333334
Indonesia,IDN,2004,907.0208419444444
Indonesia,IDN,2005,1046.6211930555555
Indonesia,IDN,2006,1327.8644391666664
Indonesia,IDN,2007,1486.7560777777778
Indonesia,IDN,2008,1646.455566111111
Indonesia,IDN,2009,1755.6324227777775
Indonesia,IDN,2010,1885.7260455555556
Indonesia,IDN,2011,2420.998868055556
Indonesia,IDN,2012,2644.6027297222217
Indonesia,IDN,2013,3252.484630555555
Indonesia,IDN,2014,3139.3797027777778
Indonesia,IDN,2015,3163.1556416666667
Indonesia,IDN,2016,3126.366144444444
Indonesia,IDN,2017,3160.977069444444
Indonesia,IDN,2018,3822.4702777777775
Indonesia,IDN,2019,4222.599494444445
Indonesia,IDN,2020,3855.070855555556
Japan,JPN,1981,113.17465833333333
Japan,JPN,1982,114.60848638888888
Japan,JPN,1983,111.029005
Japan,JPN,1984,108.36066416666668
Japan,JPN,1985,106.60346416666668
Japan,JPN,1986,104.19544944444444
Japan,JPN,1987,84.93133138888889
Japan,JPN,1988,73.08650194444445
Japan,JPN,1989,66.31802805555556
Japan,JPN,1990,53.7573025
Japan,JPN,1991,52.39059138888889
Japan,JPN,1992,49.46192472222222
Japan,JPN,1993,46.98882861111111
Japan,JPN,1994,45.10146555555556
Japan,JPN,1995,40.74100638888888
Japan,JPN,1996,42.17279916666666
Japan,JPN,1997,27.789791944444445
Japan,JPN,1998,23.819821666666662
Japan,JPN,1999,25.44685861111111
Japan,JPN,2000,18.878025277777777
Japan,JPN,2001,19.3002175
Japan,JPN,2002,8.259576388888888
Japan,JPN,2003,8.069426944444444
Japan,JPN,2004,8.07300361111111
Japan,JPN,2005,6.716300833333333
Japan,JPN,2006,8.2018025
Japan,JPN,2007,8.584543888888888
Japan,JPN,2008,7.404950555555556
Japan,JPN,2009,7.724134166666666
Japan,JPN,2010,5.530778888888889
Japan,JPN,2011,7.6689475
Japan,JPN,2012,7.967745
Japan,JPN,2013,8.158160833333334
Japan,JPN,2014,8.862289722222222
Japan,JPN,2015,7.935755555555555
Japan,JPN,2016,9.085345555555556
Japan,JPN,2017,9.411325
Japan,JPN,2018,6.714965833333333
Japan,JPN,2019,4.893106944444444
Japan,JPN,2020,4.981271666666667
Kazakhstan,KAZ,1985,666.0591713888888
Kazakhstan,KAZ,1986,699.6717322222222
Kazakhstan,KAZ,1987,722.7596083333333
Kazakhstan,KAZ,1988,725.0162933333334
Kazakhstan,KAZ,1989,699.6440527777778
Kazakhstan,KAZ,1990,663.7580688888888
Kazakhstan,KAZ,1991,657.5061552777777
Kazakhstan,KAZ,1992,637.4924025
Kazakhstan,KAZ,1993,561.8839883333334
Kazakhstan,KAZ,1994,524.6532413888889
Kazakhstan,KAZ,1995,417.7336458333333
Kazakhstan,KAZ,1996,385.1781288888889
Kazakhstan,KAZ,1997,365.8395091666667
Kazakhstan,KAZ,1998,352.53809194444443
Kazakhstan,KAZ,1999,294.38627777777776
Kazakhstan,KAZ,2000,377.2319430555555
Kazakhstan,KAZ,2001,398.2389030555555
Kazakhstan,KAZ,2002,370.4322594444444
Kazakhstan,KAZ,2003,425.0643330555556
Kazakhstan,KAZ,2004,435.7338413888888
Kazakhstan,KAZ,2005,433.2806097222222
Kazakhstan,KAZ,2006,481.7907691666667
Kazakhstan,KAZ,2007,490.8051405555555
Kazakhstan,KAZ,2008,557.5751758333333
Kazakhstan,KAZ,2009,504.9568763888889
Kazakhstan,KAZ,2010,552.4007191666666
Kazakhstan,KAZ,2011,578.6067975
Kazakhstan,KAZ,2012,600.4886886111111
Kazakhstan,KAZ,2013,597.5060297222221
Kazakhstan,KAZ,2014,568.6642333333333
Kazakhstan,KAZ,2015,537.1154122222222
Kazakhstan,KAZ,2016,515.0870683333333
Kazakhstan,KAZ,2017,561.461915
Kazakhstan,KAZ,2018,592.1787122222222
Kazakhstan,KAZ,2019,575.5541063888888
Kazakhstan,KAZ,2020,567.3592244444444
Mexico,MEX,1981,19.7625
Mexico,MEX,1982,23.763055555555557
Mexico,MEX,1983,30.176666666666662
Mexico,MEX,1984,32.878055555555555
Mexico,MEX,1985,33.733333333333334
Mexico,MEX,1986,36.53527777777778
Mexico,MEX,1987,40.55138888888889
Mexico,MEX,1988,36.20472222222222
Mexico,MEX,1989,38.89527777777778
Mexico,MEX,1990,39.37694444444444
Mexico,MEX,1991,35.75638888888889
Mexico,MEX,1992,33.211666666666666
Mexico,MEX,1993,35.94861111111111
Mexico,MEX,1994,48.61111111111111
Mexico,MEX,1995,47.97416666666667
Mexico,MEX,1996,53.10861111111111
Mexico,MEX,1997,52.69694444444444
Mexico,MEX,1998,55.39194444444445
Mexico,MEX,1999,56.623888888888885
Mexico,MEX,2000,62.97277777777777
Mexico,MEX,2001,48.40480277777778
Mexico,MEX,2002,39.436678888888885
Mexico,MEX,2003,51.32849083333333
Mexico,MEX,2004,68.34697638888889
Mexico,MEX,2005,70.6139175
Mexico,MEX,2006,78.71961499999999
Mexico,MEX,2007,84.94325916666666
Mexico,MEX,2008,80.50447111111112
Mexico,MEX,2009,70.74122833333334
Mexico,MEX,2010,85.13547972222221
Mexico,MEX,2011,108.96730472222222
Mexico,MEX,2012,86.3348286111111
Mexico,MEX,2013,83.29921555555556
Mexico,MEX,2014,84.36939722222222
Mexico,MEX,2015,79.91293472222222
Mexico,MEX,2016,70.6014286111111
Mexico,MEX,2017,85.62222638888888
Mexico,MEX,2018,77.66055555555555
Mexico,MEX,2019,64.01666666666667
Mexico,MEX,2020,42.95570305555555
Middle East,,1981,6.458662222222222
Middle East,,1982,7.259736666666666
Middle East,,1983,7.259736666666666
Middle East,,1984,7.424243055555556
Middle East,,1985,7.9106097222222225
Middle East,,1986,7.588749444444445
Middle East,,1987,7.746103333333333
Middle East,,1988,8.232470000000001
Middle East,,1989,6.136802222222222
Middle East,,1990,6.306360555555555
Middle East,,1991,6.507250277777778
Middle East,,1992,5.233604722222221
Middle East,,1993,8.550785277777777
Middle East,,1994,8.373586111111111
Middle East,,1995,8.271441944444444
Middle East,,1996,7.759661666666666
Middle East,,1997,7.5011825
Middle East,,1998,9.316802222222222
Middle East,,1999,7.984297499999999
Middle East,,2000,8.640996944444444
Middle East,,2001,8.425376666666667
Middle East,,2002,7.886284444444444
Middle East,,2003,8.657053333333334
Middle East,,2004,9.238606944444443
Middle East,,2005,11.602195
Middle East,,2006,12.307035833333332
Middle East,,2007,12.381811944444443
Middle East,,2008,11.843173333333333
Middle East,,2009,8.729143055555555
Middle East,,2010,8.265308333333333
Middle East,,2011,8.784101666666665
Middle East,,2012,7.912068055555555
Middle East,,2013,8.367494166666667
Middle East,,2014,8.124992222222222
Middle East,,2015,9.089022777777778
Middle East,,2016,10.014966666666668
Middle East,,2017,11.3759375
Middle East,,2018,12.230082777777778
Middle East,,2019,12.680176388888889
Middle East,,2020,12.680176388888889
Mongolia,MNG,1981,22.754095
Mongolia,MNG,1982,26.040209722222222
Mongolia,MNG,1983,26.320667222222223
Mongolia,MNG,1984,28.73895111111111
Mongolia,MNG,1985,34.51743305555556
Mongolia,MNG,1986,37.385507222222216
Mongolia,MNG,1987,41.08966222222222
Mongolia,MNG,1988,45.53994
Mongolia,MNG,1989,42.57132416666666
Mongolia,MNG,1990,37.87233916666666
Mongolia,MNG,1991,37.23734111111112
Mongolia,MNG,1992,33.05905416666666
Mongolia,MNG,1993,29.723198055555557
Mongolia,MNG,1994,27.29433083333333
Mongolia,MNG,1995,26.55879138888889
Mongolia,MNG,1996,27.040331388888887
Mongolia,MNG,1997,26.056084722222224
Mongolia,MNG,1998,26.759874166666663
Mongolia,MNG,1999,26.267750555555555
Mongolia,MNG,2000,27.437205277777775
Mongolia,MNG,2001,27.204372777777778
Mongolia,MNG,2002,29.339024166666665
Mongolia,MNG,2003,29.983018055555554
Mongolia,MNG,2004,36.32717722222223
Mongolia,MNG,2005,39.77786222222222
Mongolia,MNG,2006,42.72531138888888
Mongolia,MNG,2007,48.88214611111111
Mongolia,MNG,2008,53.296969722222215
Mongolia,MNG,2009,76.42253833333332
Mongolia,MNG,2010,133.14796805555554
Mongolia,MNG,2011,174.59269999999998
Mongolia,MNG,2012,164.77668944444443
Mongolia,MNG,2013,176.42625694444445
Mongolia,MNG,2014,129.3771383333333
Mongolia,MNG,2015,127.77271
Mongolia,MNG,2016,185.71839416666668
Mongolia,MNG,2017,261.8324294444444
Mongolia,MNG,2018,288.7775113888889
Mongolia,MNG,2019,302.3056144444445
Mongolia,MNG,2020,227.96057777777776
New Zealand,NZL,1981,14.472715833333334
New Zealand,NZL,1982,14.632507222222223
New Zealand,NZL,1983,16.226563055555555
New Zealand,NZL,1984,16.750798055555556
New Zealand,NZL,1985,16.014644166666667
New Zealand,NZL,1986,16.6984775
New Zealand,NZL,1987,14.52473638888889
New Zealand,NZL,1988,16.34417277777778
New Zealand,NZL,1989,18.536288888888887
New Zealand,NZL,1990,17.42373527777778
New Zealand,NZL,1991,18.27913861111111
New Zealand,NZL,1992,20.814772777777776
New Zealand,NZL,1993,23.48876027777778
New Zealand,NZL,1994,21.567986666666663
New Zealand,NZL,1995,26.44771611111111
New Zealand,NZL,1996,27.003558055555555
New Zealand,NZL,1997,25.40779694444444
New Zealand,NZL,1998,22.06673027777778
New Zealand,NZL,1999,25.473890277777777
New Zealand,NZL,2000,25.37511222222222
New Zealand,NZL,2001,28.830244166666667
New Zealand,NZL,2002,33.145049444444446
New Zealand,NZL,2003,37.63503388888888
New Zealand,NZL,2004,38.050377777777776
New Zealand,NZL,2005,38.73087611111111
New Zealand,NZL,2006,41.67633083333333
New Zealand,NZL,2007,34.672670277777776
New Zealand,NZL,2008,34.73564
New Zealand,NZL,2009,32.31415972222222
New Zealand,NZL,2010,38.57816361111111
New Zealand,NZL,2011,35.60586861111111
New Zealand,NZL,2012,35.329384166666664
New Zealand,NZL,2013,33.527700277777775
New Zealand,NZL,2014,28.696991944444445
New Zealand,NZL,2015,23.706204166666662
New Zealand,NZL,2016,19.881119444444444
New Zealand,NZL,2017,20.12601638888889
New Zealand,NZL,2018,23.272951111111112
New Zealand,NZL,2019,22.2198225
New Zealand,NZL,2020,20.36340388888889
Non-OECD,,1981,10043.467111111113
Non-OECD,,1982,10470.298133333334
Non-OECD,,1983,10843.75816388889
Non-OECD,,1984,11416.15993611111
Non-OECD,,1985,12009.620847222222
Non-OECD,,1986,12386.40051388889
Non-OECD,,1987,12713.46579722222
Non-OECD,,1988,13206.043475
Non-OECD,,1989,13542.801133333332
Non-OECD,,1990,13533.768458333332
Non-OECD,,1991,13340.287830555557
Non-OECD,,1992,13472.087988888889
Non-OECD,,1993,13377.388663888887
Non-OECD,,1994,13619.096902777776
Non-OECD,,1995,14277.992766666666
Non-OECD,,1996,14446.306811111112
Non-OECD,,1997,14526.982475
Non-OECD,,1998,14156.687661111113
Non-OECD,,1999,14410.528633333332
Non-OECD,,2000,15019.828763888889
Non-OECD,,2001,15751.56054722222
Non-OECD,,2002,16403.58014722222
Non-OECD,,2003,18537.37158611111
Non-OECD,,2004,20885.21293333333
Non-OECD,,2005,22743.31215833333
Non-OECD,,2006,24288.80760277777
Non-OECD,,2007,25916.41750833333
Non-OECD,,2008,27050.28935
Non-OECD,,2009,27709.068652777776
Non-OECD,,2010,29680.19511111111
Non-OECD,,2011,32628.046444444444
Non-OECD,,2012,33334.54977777778
Non-OECD,,2013,34231.06752777778
Non-OECD,,2014,33792.52163888889
Non-OECD,,2015,33482.212916666664
Non-OECD,,2016,32089.794194444446
Non-OECD,,2017,33034.071444444446
Non-OECD,,2018,35277.52891666666
Non-OECD,,2019,36510.54425
Non-OECD,,2020,36020.31772222222
North America,,1981,5405.495236111111
North America,,1982,5498.757011111111
North America,,1983,5128.0661666666665
North America,,1984,5910.9421388888895
North America,,1985,5827.290275
North America,,1986,5852.234022222222
North America,,1987,6035.392005555555
North America,,1988,6258.314172222222
North America,,1989,6463.276330555555
North America,,1990,6765.054511111111
North America,,1991,6545.264680555555
North America,,1992,6504.774147222222
North America,,1993,6156.448958333333
North America,,1994,6712.079108333332
North America,,1995,6709.454941666667
North America,,1996,6907.2365
North America,,1997,7069.709524999999
North America,,1998,7248.623911111111
North America,,1999,7021.656838888888
North America,,2000,6847.45515
North America,,2001,7067.2268583333325
North America,,2002,6766.947441666667
North America,,2003,6572.560969444445
North America,,2004,6825.146263888889
North America,,2005,6936.5636138888885
North America,,2006,7106.873180555555
North America,,2007,7040.879386111111
North America,,2008,7135.076111111112
North America,,2009,6476.640625
North America,,2010,6632.972552777778
North America,,2011,6708.246536111112
North America,,2012,6257.967086111111
North America,,2013,6075.793994444444
North America,,2014,6152.821952777778
North America,,2015,5455.437361111111
North America,,2016,4534.779536111111
North America,,2017,4805.538666666666
North America,,2018,4694.528036111111
North America,,2019,4349.396633333333
North America,,2020,3266.637133333333
OECD,,1981,11402.679108333334
OECD,,1982,11734.984258333334
OECD,,1983,11294.28705
OECD,,1984,11690.2248
OECD,,1985,12267.572719444444
OECD,,1986,12466.550833333333
OECD,,1987,12608.345825
OECD,,1988,12730.734397222222
OECD,,1989,12851.913102777777
OECD,,1990,12798.821183333332
OECD,,1991,12276.829377777776
OECD,,1992,12097.733241666669
OECD,,1993,11421.95955
OECD,,1994,11747.242683333332
OECD,,1995,11862.7428
OECD,,1996,12050.494044444444
OECD,,1997,12358.985233333337
OECD,,1998,12245.56674722222
OECD,,1999,11999.899275
OECD,,2000,11779.32996111111
OECD,,2001,12183.550133333334
OECD,,2002,11870.301277777777
OECD,,2003,11811.042002777778
OECD,,2004,12092.419702777775
OECD,,2005,12306.303658333332
OECD,,2006,12550.539880555556
OECD,,2007,12540.023852777776
OECD,,2008,12661.706380555555
OECD,,2009,11980.930477777778
OECD,,2010,12219.092163888889
OECD,,2011,12329.19313888889
OECD,,2012,12140.052927777777
OECD,,2013,12063.312466666666
OECD,,2014,12339.225008333333
OECD,,2015,11475.543330555556
OECD,,2016,10501.491702777776
OECD,,2017,10632.443452777778
OECD,,2018,10604.24318611111
OECD,,2019,10116.8775
OECD,,2020,8314.862627777777
Pakistan,PAK,1981,8.15156
Pakistan,PAK,1982,9.248885555555557
Pakistan,PAK,1983,9.510153333333331
Pakistan,PAK,1984,12.070579166666668
Pakistan,PAK,1985,11.443536111111111
Pakistan,PAK,1986,10.711985833333332
Pakistan,PAK,1987,12.593115277777777
Pakistan,PAK,1988,14.108469166666668
Pakistan,PAK,1989,14.212976388888888
Pakistan,PAK,1990,14.7355125
Pakistan,PAK,1991,14.787765833333331
Pakistan,PAK,1992,15.571569722222222
Pakistan,PAK,1993,16.459880833333333
Pakistan,PAK,1994,15.780584166666667
Pakistan,PAK,1995,16.564388055555554
Pakistan,PAK,1996,18.079742222222222
Pakistan,PAK,1997,16.407627222222224
Pakistan,PAK,1998,17.348191944444444
Pakistan,PAK,1999,17.295938333333332
Pakistan,PAK,2000,16.877909444444445
Pakistan,PAK,2001,17.034670277777778
Pakistan,PAK,2002,18.236502777777776
Pakistan,PAK,2003,17.44747361111111
Pakistan,PAK,2004,17.73486833333333
Pakistan,PAK,2005,18.220826944444443
Pakistan,PAK,2006,20.930175555555557
Pakistan,PAK,2007,19.29986333333333
Pakistan,PAK,2008,20.783865555555558
Pakistan,PAK,2009,18.3383975
Pakistan,PAK,2010,17.593783888888886
Pakistan,PAK,2011,16.86223361111111
Pakistan,PAK,2012,15.885091388888888
Pakistan,PAK,2013,15.605534722222222
Pakistan,PAK,2014,17.674776944444442
Pakistan,PAK,2015,17.37431861111111
Pakistan,PAK,2016,21.418746666666667
Pakistan,PAK,2017,21.7949725
Pakistan,PAK,2018,22.98882833333333
Pakistan,PAK,2019,35.39256361111111
Pakistan,PAK,2020,40.44766472222222
Poland,POL,1981,1197.8240941666668
Poland,POL,1982,1397.7061619444446
Poland,POL,1983,1423.497121111111
Poland,POL,1984,1426.0772433333334
Poland,POL,1985,1436.303951111111
Poland,POL,1986,1460.4870636111111
Poland,POL,1987,1476.4073069444444
Poland,POL,1988,1476.1912338888887
Poland,POL,1989,1362.556278888889
Poland,POL,1990,1162.5017952777778
Poland,POL,1991,1113.4035958333332
Poland,POL,1992,1083.5659066666667
Poland,POL,1993,1047.989063611111
Poland,POL,1994,1047.2089752777777
Poland,POL,1995,1072.40886
Poland,POL,1996,1063.0379452777777
Poland,POL,1997,1081.6551530555555
Poland,POL,1998,934.4539458333333
Poland,POL,1999,904.1128602777776
Poland,POL,2000,836.1384122222222
Poland,POL,2001,838.0156777777778
Poland,POL,2002,834.7068058333334
Poland,POL,2003,830.7203202777777
Poland,POL,2004,806.1961419444444
Poland,POL,2005,806.7764216666667
Poland,POL,2006,791.3931383333332
Poland,POL,2007,726.7561136111111
Poland,POL,2008,708.3885977777778
Poland,POL,2009,656.2531177777778
Poland,POL,2010,644.1831561111111
Poland,POL,2011,648.0166830555556
Poland,POL,2012,672.4432177777777
Poland,POL,2013,664.7651866666666
Poland,POL,2014,628.4025611111111
Poland,POL,2015,616.0761866666667
Poland,POL,2016,605.6630852777778
Poland,POL,2017,578.9416641666667
Poland,POL,2018,549.7619177777777
Poland,POL,2019,518.8211513888889
Poland,POL,2020,467.75875916666666
Romania,ROU,1981,107.9640811111111
Romania,ROU,1982,111.4468011111111
Romania,ROU,1983,129.26745
Romania,ROU,1984,127.3191925
Romania,ROU,1985,131.08475388888888
Romania,ROU,1986,136.25754527777778
Romania,ROU,1987,146.5179963888889
Romania,ROU,1988,161.3083325
Romania,ROU,1989,162.9530122222222
Romania,ROU,1990,96.10834555555556
Romania,ROU,1991,81.76364527777777
Romania,ROU,1992,85.44829583333333
Romania,ROU,1993,88.68258694444444
Romania,ROU,1994,90.48500583333332
Romania,ROU,1995,91.73253222222222
Romania,ROU,1996,93.78893722222224
Romania,ROU,1997,76.79176194444445
Romania,ROU,1998,59.90033833333333
Romania,ROU,1999,54.03980666666666
Romania,ROU,2000,65.16814694444444
Romania,ROU,2001,66.29801305555556
Romania,ROU,2002,70.93041638888889
Romania,ROU,2003,76.06230500000001
Romania,ROU,2004,73.25990527777778
Romania,ROU,2005,67.39144222222222
Romania,ROU,2006,75.35898083333333
Romania,ROU,2007,79.76264527777778
Romania,ROU,2008,80.98244638888889
Romania,ROU,2009,76.35424138888888
Romania,ROU,2010,68.65773999999999
Romania,ROU,2011,77.48018805555556
Romania,ROU,2012,73.80551527777777
Romania,ROU,2013,54.15667666666667
Romania,ROU,2014,51.74309111111111
Romania,ROU,2015,54.80007166666666
Romania,ROU,2016,49.25813222222222
Romania,ROU,2017,51.965422777777775
Romania,ROU,2018,46.72724666666666
Romania,ROU,2019,45.68162805555556
Romania,ROU,2020,31.65055222222222
Russia,RUS,1981,4027.845244444444
Russia,RUS,1982,4061.5602277777775
Russia,RUS,1983,4057.7873777777777
Russia,RUS,1984,4013.748222222222
Russia,RUS,1985,2160.9199305555558
Russia,RUS,1986,2234.9767494444445
Russia,RUS,1987,2253.092008333333
Russia,RUS,1988,2325.4945183333334
Russia,RUS,1989,2236.980194722222
Russia,RUS,1990,2158.076058333333
Russia,RUS,1991,1984.584644722222
Russia,RUS,1992,1903.0660263888888
Russia,RUS,1993,1716.3166244444444
Russia,RUS,1994,1527.4818775
Russia,RUS,1995,1450.4193680555554
Russia,RUS,1996,1405.1366
Russia,RUS,1997,1348.9637
Russia,RUS,1998,1265.9255
Russia,RUS,1999,1370.1302999999998
Russia,RUS,2000,1413.2776
Russia,RUS,2001,1493.8735
Russia,RUS,2002,1425.4890999999998
Russia,RUS,2003,1541.0913
Russia,RUS,2004,1594.8219
Russia,RUS,2005,1576.9117
Russia,RUS,2006,1639.5974
Russia,RUS,2007,1668.905
Russia,RUS,2008,1732.4048
Russia,RUS,2009,1648.5525
Russia,RUS,2010,1755.6229319444444
Russia,RUS,2011,1832.62051
Russia,RUS,2012,1957.1615280555557
Russia,RUS,2013,2013.35071
Russia,RUS,2014,2053.762633888889
Russia,RUS,2015,2167.1342
Russia,RUS,2016,2255.8711
Russia,RUS,2017,2393.454
Russia,RUS,2018,2562.7868000000003
Russia,RUS,2019,2563.6009
Russia,RUS,2020,2324.0052027777774
Serbia,SRB,2007,83.64534638888888
Serbia,SRB,2008,87.06595833333333
Serbia,SRB,2009,86.25664583333332
Serbia,SRB,2010,84.2939936111111
Serbia,SRB,2011,90.89231694444445
Serbia,SRB,2012,85.14900583333333
Serbia,SRB,2013,89.81015555555555
Serbia,SRB,2014,66.563515
Serbia,SRB,2015,84.21657472222222
Serbia,SRB,2016,84.43371916666668
Serbia,SRB,2017,84.44094777777778
Serbia,SRB,2018,77.27622888888888
Serbia,SRB,2019,80.0875086111111
Serbia,SRB,2020,81.71204527777778
South & Central America,,1981,78.99077694444445
South & Central America,,1982,84.95426027777778
South & Central America,,1983,92.43301166666666
South & Central America,,1984,111.87029583333332
South & Central America,,1985,131.75629388888888
South & Central America,,1986,144.93526027777776
South & Central America,,1987,175.64886638888888
South & Central America,,1988,197.1211238888889
South & Central America,,1989,231.80478083333333
South & Central America,,1990,226.00473055555557
South & Central America,,1991,228.3482925
South & Central America,,1992,237.27639722222224
South & Central America,,1993,245.40776277777775
South & Central America,,1994,259.6927347222222
South & Central America,,1995,281.38267916666666
South & Central America,,1996,308.4393336111111
South & Central America,,1997,346.5115086111111
South & Central America,,1998,353.5800805555556
South & Central America,,1999,351.29645166666666
South & Central America,,2000,410.8007925
South & Central America,,2001,450.2973383333333
South & Central America,,2002,419.7448313888889
South & Central America,,2003,491.7713936111111
South & Central America,,2004,534.8121322222222
South & Central America,,2005,577.7621419444444
South & Central America,,2006,627.1710263888889
South & Central America,,2007,653.7204808333333
South & Central America,,2008,672.1941580555556
South & Central America,,2009,649.3359833333333
South & Central America,,2010,652.2041311111111
South & Central America,,2011,744.133125
South & Central America,,2012,766.9009288888889
South & Central America,,2013,755.3255291666667
South & Central America,,2014,790.6104072222222
South & Central America,,2015,750.7012208333334
South & Central America,,2016,780.6608077777778
South & Central America,,2017,766.1481352777778
South & Central America,,2018,714.4905527777777
South & Central America,,2019,710.0928486111111
South & Central America,,2020,444.5119336111111
South Africa,ZAF,1981,870.6343602777778
South Africa,ZAF,1982,963.1616169444444
South Africa,ZAF,1983,973.391783611111
South Africa,ZAF,1984,1089.9882905555555
South Africa,ZAF,1985,1160.169816111111
South Africa,ZAF,1986,1183.2094975
South Africa,ZAF,1987,1179.4020216666668
South Africa,ZAF,1988,1211.7450516666663
South Africa,ZAF,1989,1175.5482116666667
South Africa,ZAF,1990,1164.7321722222223
South Africa,ZAF,1991,1188.1667733333334
South Africa,ZAF,1992,1216.525168333333
South Africa,ZAF,1993,1243.5121813888888
South Africa,ZAF,1994,1292.4173530555554
South Africa,ZAF,1995,1359.7599672222225
South Africa,ZAF,1996,1360.0791444444444
South Africa,ZAF,1997,1450.1921711111113
South Africa,ZAF,1998,1466.1996602777776
South Africa,ZAF,1999,1468.5208055555556
South Africa,ZAF,2000,1472.7519611111109
South Africa,ZAF,2001,1468.5530744444443
South Africa,ZAF,2002,1446.2976436111112
South Africa,ZAF,2003,1567.6247775
South Africa,ZAF,2004,1594.3952666666669
South Africa,ZAF,2005,1609.3898433333334
South Africa,ZAF,2006,1607.891915833333
South Africa,ZAF,2007,1609.1443991666667
South Africa,ZAF,2008,1639.5771608333332
South Africa,ZAF,2009,1625.1900641666666
South Africa,ZAF,2010,1675.924028611111
South Africa,ZAF,2011,1665.341922777778
South Africa,ZAF,2012,1704.5537038888888
South Africa,ZAF,2013,1689.3972341666667
South Africa,ZAF,2014,1721.1147
South Africa,ZAF,2015,1656.7732883333333
South Africa,ZAF,2016,1670.4400761111112
South Africa,ZAF,2017,1659.0662738888889
South Africa,ZAF,2018,1670.3993172222222
South Africa,ZAF,2019,1726.0061541666666
South Africa,ZAF,2020,1659.0599080555555
South Korea,KOR,1981,101.65317805555556
South Korea,KOR,1982,102.93759527777776
South Korea,KOR,1983,101.63270916666666
South Korea,KOR,1984,109.35456388888888
South Korea,KOR,1985,115.3570397222222
South Korea,KOR,1986,124.10745166666668
South Korea,KOR,1987,124.21491277777778
South Korea,KOR,1988,124.32237388888888
South Korea,KOR,1989,106.36100194444444
South Korea,KOR,1990,90.10516944444444
South Korea,KOR,1991,78.80604305555555
South Korea,KOR,1992,62.639761388888886
South Korea,KOR,1993,49.23153444444444
South Korea,KOR,1994,38.71743305555555
South Korea,KOR,1995,29.93562
South Korea,KOR,1996,25.911058611111116
South Korea,KOR,1997,23.613551944444445
South Korea,KOR,1998,22.82329361111111
South Korea,KOR,1999,21.964999444444445
South Korea,KOR,2000,21.719025
South Korea,KOR,2001,19.976269444444444
South Korea,KOR,2002,17.364753055555553
South Korea,KOR,2003,17.260083055555555
South Korea,KOR,2004,16.700098611111112
South Korea,KOR,2005,14.821271944444444
South Korea,KOR,2006,14.779403888888888
South Korea,KOR,2007,15.60734361111111
South Korea,KOR,2008,14.996245277777778
South Korea,KOR,2009,13.62262611111111
South Korea,KOR,2010,11.270167777777775
South Korea,KOR,2011,11.270167777777775
South Korea,KOR,2012,10.958948888888887
South Korea,KOR,2013,9.4988025
South Korea,KOR,2014,9.148158055555555
South Korea,KOR,2015,9.231893888888887
South Korea,KOR,2016,9.033021111111111
South Korea,KOR,2017,8.168970277777778
South Korea,KOR,2018,6.601188055555555
South Korea,KOR,2019,5.963073055555556
South Korea,KOR,2020,5.605508888888889
Spain,ESP,1981,140.2229252777778
Spain,ESP,1982,150.5969263888889
Spain,ESP,1983,152.9809097222222
Spain,ESP,1984,151.49219416666668
Spain,ESP,1985,150.21309944444442
Spain,ESP,1986,153.9114508333333
Spain,ESP,1987,133.6752588888889
Spain,ESP,1988,126.62744777777776
Spain,ESP,1989,135.4661575
Spain,ESP,1990,132.38429
Spain,ESP,1991,121.37070416666668
Spain,ESP,1992,123.3012286111111
Spain,ESP,1993,121.31246416666669
Spain,ESP,1994,114.76491555555556
Spain,ESP,1995,113.20644
Spain,ESP,1996,111.79916972222222
Spain,ESP,1997,112.0201011111111
Spain,ESP,1998,107.437845
Spain,ESP,1999,99.8552222222222
Spain,ESP,2000,97.00580777777778
Spain,ESP,2001,91.4467738888889
Spain,ESP,2002,89.36491361111112
Spain,ESP,2003,83.08474
Spain,ESP,2004,80.50285777777778
Spain,ESP,2005,77.06031888888889
Spain,ESP,2006,72.6060211111111
Spain,ESP,2007,68.20991722222222
Spain,ESP,2008,50.869614166666665
Spain,ESP,2009,44.31231861111111
Spain,ESP,2010,38.32948277777778
Spain,ESP,2011,30.79855166666667
Spain,ESP,2012,28.612781388888887
Spain,ESP,2013,20.49784138888889
Spain,ESP,2014,18.93241527777778
Spain,ESP,2015,14.489569166666666
Spain,ESP,2016,7.976212499999999
Spain,ESP,2017,13.116511666666666
Spain,ESP,2018,8.948826944444445
Spain,ESP,2019,18.37715083333333
Spain,ESP,2020,21.07096305555556
Thailand,THA,1981,5.294150555555556
Thailand,THA,1982,6.166186944444444
Thailand,THA,1983,5.859470277777778
Thailand,THA,1984,7.338851666666667
Thailand,THA,1985,17.35701861111111
Thailand,THA,1986,17.67307222222222
Thailand,THA,1987,22.56314083333333
Thailand,THA,1988,23.97705638888889
Thailand,THA,1989,30.69918944444445
Thailand,THA,1990,41.60610416666667
Thailand,THA,1991,48.54533722222222
Thailand,THA,1992,51.73583333333333
Thailand,THA,1993,53.94500861111111
Thailand,THA,1994,60.22411111111111
Thailand,THA,1995,64.30031444444444
Thailand,THA,1996,74.10745555555556
Thailand,THA,1997,80.10027527777778
Thailand,THA,1998,69.81311222222223
Thailand,THA,1999,66.26717777777777
Thailand,THA,2000,60.29033388888889
Thailand,THA,2001,65.60442027777778
Thailand,THA,2002,66.16690444444444
Thailand,THA,2003,61.09871527777778
Thailand,THA,2004,65.24710222222222
Thailand,THA,2005,69.57917111111111
Thailand,THA,2006,62.060895555555554
Thailand,THA,2007,57.13045361111111
Thailand,THA,2008,55.74603055555555
Thailand,THA,2009,54.83826444444444
Thailand,THA,2010,57.56823444444444
Thailand,THA,2011,69.68879083333333
Thailand,THA,2012,55.27611861111111
Thailand,THA,2013,54.446776388888885
Thailand,THA,2014,53.64447166666666
Thailand,THA,2015,44.87675861111111
Thailand,THA,2016,50.06937166666666
Thailand,THA,2017,47.74734972222222
Thailand,THA,2018,43.679815
Thailand,THA,2019,41.07177027777777
Thailand,THA,2020,38.17160416666666
Turkey,TUR,1981,80.63079138888888
Turkey,TUR,1982,86.84214777777777
Turkey,TUR,1983,91.40587138888888
Turkey,TUR,1984,102.4665938888889
Turkey,TUR,1985,123.6921386111111
Turkey,TUR,1986,132.12296583333332
Turkey,TUR,1987,141.99193166666666
Turkey,TUR,1988,128.89728527777777
Turkey,TUR,1989,148.51151444444446
Turkey,TUR,1990,136.336065
Turkey,TUR,1991,127.97627777777775
Turkey,TUR,1992,140.92418166666667
Turkey,TUR,1993,134.32035861111112
Turkey,TUR,1994,140.80280027777778
Turkey,TUR,1995,140.52421611111112
Turkey,TUR,1996,142.9979075
Turkey,TUR,1997,152.56772694444444
Turkey,TUR,1998,162.17900416666666
Turkey,TUR,1999,154.4999652777778
Turkey,TUR,2000,145.237555
Turkey,TUR,2001,142.83326666666667
Turkey,TUR,2002,132.12026055555555
Turkey,TUR,2003,125.33601111111112
Turkey,TUR,2004,122.4896475
Turkey,TUR,2005,130.4188025
Turkey,TUR,2006,153.05082166666665
Turkey,TUR,2007,172.08908499999998
Turkey,TUR,2008,193.91866305555556
Turkey,TUR,2009,202.38525027777777
Turkey,TUR,2010,203.8040775
Turkey,TUR,2011,207.81645
Turkey,TUR,2012,197.90771388888888
Turkey,TUR,2013,179.69855583333333
Turkey,TUR,2014,190.25517
Turkey,TUR,2015,148.79760444444446
Turkey,TUR,2016,179.79745305555556
Turkey,TUR,2017,175.45506333333333
Turkey,TUR,2018,192.4452255555556
Turkey,TUR,2019,201.77293416666663
Turkey,TUR,2020,165.78858916666667
Ukraine,UKR,1985,1083.9855486111112
Ukraine,UKR,1986,1110.2438869444445
Ukraine,UKR,1987,1097.9105211111112
Ukraine,UKR,1988,1091.6465088888888
Ukraine,UKR,1989,1026.1591075
Ukraine,UKR,1990,1009.5795255555556
Ukraine,UKR,1991,858.5726202777778
Ukraine,UKR,1992,815.0385375
Ukraine,UKR,1993,694.3136677777777
Ukraine,UKR,1994,571.3582886111111
Ukraine,UKR,1995,497.49073444444446
Ukraine,UKR,1996,376.3640761111111
Ukraine,UKR,1997,390.5016197222222
Ukraine,UKR,1998,399.71886527777775
Ukraine,UKR,1999,422.01148277777776
Ukraine,UKR,2000,422.6961361111111
Ukraine,UKR,2001,419.522025
Ukraine,UKR,2002,417.7425572222222
Ukraine,UKR,2003,405.3614008333333
Ukraine,UKR,2004,402.79319805555554
Ukraine,UKR,2005,403.2933941666666
Ukraine,UKR,2006,410.5402744444445
Ukraine,UKR,2007,404.6951766666666
Ukraine,UKR,2008,404.1432772222222
Ukraine,UKR,2009,375.0599091666666
Ukraine,UKR,2010,373.84564166666667
Ukraine,UKR,2011,422.4007408333333
Ukraine,UKR,2012,454.6446747222222
Ukraine,UKR,2013,444.4763088888889
Ukraine,UKR,2014,303.13525972222226
Ukraine,UKR,2015,199.3902508333333
Ukraine,UKR,2016,211.78043472222225
Ukraine,UKR,2017,158.42448888888887
Ukraine,UKR,2018,162.760785
Ukraine,UKR,2019,162.2359736111111
Ukraine,UKR,2020,149.7334138888889
United Kingdom,GBR,1981,907.23304
United Kingdom,GBR,1982,884.68247
United Kingdom,GBR,1983,845.45448
United Kingdom,GBR,1984,357.26197
United Kingdom,GBR,1985,657.93236
United Kingdom,GBR,1986,762.83496
United Kingdom,GBR,1987,734.88807
United Kingdom,GBR,1988,736.21389
United Kingdom,GBR,1989,708.05766
United Kingdom,GBR,1990,656.43209
United Kingdom,GBR,1991,669.36465
United Kingdom,GBR,1992,599.10782
United Kingdom,GBR,1993,483.66844
United Kingdom,GBR,1994,345.45752
United Kingdom,GBR,1995,380.89413
United Kingdom,GBR,1996,362.1046547222222
United Kingdom,GBR,1997,352.4287861111111
United Kingdom,GBR,1998,299.55555694444445
United Kingdom,GBR,1999,270.0400436111111
United Kingdom,GBR,2000,227.3836875
United Kingdom,GBR,2001,232.23673055555557
United Kingdom,GBR,2002,218.73215916666663
United Kingdom,GBR,2003,205.10464694444445
United Kingdom,GBR,2004,181.35462583333333
United Kingdom,GBR,2005,147.86186833333332
United Kingdom,GBR,2006,132.79051972222223
United Kingdom,GBR,2007,124.40127527777778
United Kingdom,GBR,2008,131.47949027777778
United Kingdom,GBR,2009,128.37972916666666
United Kingdom,GBR,2010,132.87478027777777
United Kingdom,GBR,2011,134.11723305555554
United Kingdom,GBR,2012,123.0784036111111
United Kingdom,GBR,2013,92.7294511111111
United Kingdom,GBR,2014,84.77207555555556
United Kingdom,GBR,2015,62.61701333333333
United Kingdom,GBR,2016,33.38074916666667
United Kingdom,GBR,2017,24.06218555555556
United Kingdom,GBR,2018,20.49680527777777
United Kingdom,GBR,2019,17.539924166666665
United Kingdom,GBR,2020,13.547551944444445
United States,USA,1981,5116.415502777778
United States,USA,1982,5189.360891666667
United States,USA,1983,4801.775311111112
United States,USA,1984,5490.175149999999
United States,USA,1985,5380.464727777778
United States,USA,1986,5431.777075
United States,USA,1987,5607.636158333334
United States,USA,1988,5773.721952777778
United States,USA,1989,5947.047713888889
United States,USA,1990,6260.927269444444
United States,USA,1991,6023.959438888889
United States,USA,1992,6040.026358333333
United States,USA,1993,5661.802275
United States,USA,1994,6181.448844444444
United States,USA,1995,6161.255727777778
United States,USA,1996,6345.1793333333335
United States,USA,1997,6489.806141666666
United States,USA,1998,6694.603355555555
United States,USA,1999,6485.756902777777
United States,USA,2000,6329.957919444444
United States,USA,2001,6555.920666666667
United States,USA,2002,6329.052719444444
United States,USA,2003,6151.262175
United States,USA,2004,6362.425397222221
United States,USA,2005,6455.162180555556
United States,USA,2006,6623.4182388888885
United States,USA,2007,6540.788919444445
United States,USA,2008,6640.640522222223
United States,USA,2009,6020.422702777778
United States,USA,2010,6135.828155555555
United States,USA,2011,6186.828952777778
United States,USA,2012,5756.809200000001
United States,USA,2013,5568.713388888889
United States,USA,2014,5647.89561111111
United States,USA,2015,4996.507202777778
United States,USA,2016,4083.574497222222
United States,USA,2017,4350.378661111111
United States,USA,2018,4277.451369444444
United States,USA,2019,3969.054133333333
United States,USA,2020,2976.3230666666664
Uzbekistan,UZB,1985,17.305293055555556
Uzbekistan,UZB,1986,19.590897777777776
Uzbekistan,UZB,1987,16.325748055555554
Uzbekistan,UZB,1988,17.958322777777777
Uzbekistan,UZB,1989,20.2439275
Uzbekistan,UZB,1990,21.2234725
Uzbekistan,UZB,1991,19.42111
Uzbekistan,UZB,1992,15.280900277777778
Uzbekistan,UZB,1993,12.430424444444442
Uzbekistan,UZB,1994,12.554500277777777
Uzbekistan,UZB,1995,9.971766944444443
Uzbekistan,UZB,1996,9.263229444444445
Uzbekistan,UZB,1997,9.619130833333331
Uzbekistan,UZB,1998,9.638721666666669
Uzbekistan,UZB,1999,9.651782222222222
Uzbekistan,UZB,2000,8.166139166666666
Uzbekistan,UZB,2001,8.851820555555555
Uzbekistan,UZB,2002,8.934755277777777
Uzbekistan,UZB,2003,6.246231111111111
Uzbekistan,UZB,2004,8.812638888888888
Uzbekistan,UZB,2005,9.80295861111111
Uzbekistan,UZB,2006,10.194776666666666
Uzbekistan,UZB,2007,10.687814166666666
Uzbekistan,UZB,2008,11.761068888888888
Uzbekistan,UZB,2009,11.931509722222222
Uzbekistan,UZB,2010,11.850533888888888
Uzbekistan,UZB,2011,12.553860277777776
Uzbekistan,UZB,2012,12.253910555555557
Uzbekistan,UZB,2013,13.354527222222222
Uzbekistan,UZB,2014,14.356275
Uzbekistan,UZB,2015,11.388743888888888
Uzbekistan,UZB,2016,12.62714972222222
Uzbekistan,UZB,2017,13.186731111111111
Uzbekistan,UZB,2018,13.63004222222222
Uzbekistan,UZB,2019,13.426262222222222
Uzbekistan,UZB,2020,13.70856
Venezuela,VEN,1981,0.424495
Venezuela,VEN,1982,0.424495
Venezuela,VEN,1983,0.3395961111111111
Venezuela,VEN,1984,0.424495
Venezuela,VEN,1985,0.3395961111111111
Venezuela,VEN,1986,0.5093938888888889
Venezuela,VEN,1987,2.037576111111111
Venezuela,VEN,1988,9.084193055555556
Venezuela,VEN,1989,17.91368888888889
Venezuela,VEN,1990,18.253285
Venezuela,VEN,1991,20.37576
Venezuela,VEN,1992,21.054951944444444
Venezuela,VEN,1993,33.62000388888889
Venezuela,VEN,1994,37.69515611111111
Venezuela,VEN,1995,36.931065
Venezuela,VEN,1996,35.48778194444444
Venezuela,VEN,1997,44.91157111111112
Venezuela,VEN,1998,54.84475388888889
Venezuela,VEN,1999,55.94844111111111
Venezuela,VEN,2000,66.90041194444444
Venezuela,VEN,2001,65.28733111111111
Venezuela,VEN,2002,68.76819
Venezuela,VEN,2003,59.68399694444444
Venezuela,VEN,2004,68.83020027777778
Venezuela,VEN,2005,61.08483055555556
Venezuela,VEN,2006,60.81816277777777
Venezuela,VEN,2007,58.20115944444444
Venezuela,VEN,2008,42.90544166666667
Venezuela,VEN,2009,27.83249861111111
Venezuela,VEN,2010,22.33539861111111
Venezuela,VEN,2011,22.170830555555558
Venezuela,VEN,2012,16.222509444444444
Venezuela,VEN,2013,10.436710555555557
Venezuela,VEN,2014,6.797353611111111
Venezuela,VEN,2015,6.8063272222222215
Venezuela,VEN,2016,3.6592891666666665
Venezuela,VEN,2017,2.9866280555555558
Venezuela,VEN,2018,0.6443274999999999
Venezuela,VEN,2019,2.092359722222222
Venezuela,VEN,2020,5.914256111111111
Vietnam,VNM,1981,39.076405
Vietnam,VNM,1982,41.030225
Vietnam,VNM,1983,41.030225
Vietnam,VNM,1984,32.56367083333333
Vietnam,VNM,1985,36.47131111111111
Vietnam,VNM,1986,39.72767833333333
Vietnam,VNM,1987,41.030225
Vietnam,VNM,1988,39.72767833333333
Vietnam,VNM,1989,33.21494416666666
Vietnam,VNM,1990,33.21494416666666
Vietnam,VNM,1991,33.8662175
Vietnam,VNM,1992,33.8662175
Vietnam,VNM,1993,42.33277194444444
Vietnam,VNM,1994,39.336914166666666
Vietnam,VNM,1995,54.38133
Vietnam,VNM,1996,63.9745875
Vietnam,VNM,1997,74.16701638888888
Vietnam,VNM,1998,76.01663305555556
Vietnam,VNM,1999,62.71111694444444
Vietnam,VNM,2000,75.60633055555556
Vietnam,VNM,2001,87.25109944444445
Vietnam,VNM,2002,106.86745472222222
Vietnam,VNM,2003,125.7869472222222
Vietnam,VNM,2004,178.1167661111111
Vietnam,VNM,2005,222.03864527777776
Vietnam,VNM,2006,252.5508047222222
Vietnam,VNM,2007,276.6804847222222
Vietnam,VNM,2008,259.0570261111111
Vietnam,VNM,2009,287.06829555555555
Vietnam,VNM,2010,291.99843527777773
Vietnam,VNM,2011,303.5650511111111
Vietnam,VNM,2012,274.0753911111111
Vietnam,VNM,2013,267.438915
Vietnam,VNM,2014,267.582195
Vietnam,VNM,2015,271.3465552777778
Vietnam,VNM,2016,252.27075722222224
Vietnam,VNM,2017,250.14760583333333
Vietnam,VNM,2018,276.03572388888887
Vietnam,VNM,2019,302.10619888888885
Vietnam,VNM,2020,316.6322011111111
World,OWID_WRL,1981,21446.146219444443
World,OWID_WRL,1982,22205.282391666664
World,OWID_WRL,1983,22138.04521111111
World,OWID_WRL,1984,23106.384733333336
World,OWID_WRL,1985,24277.193566666665
World,OWID_WRL,1986,24852.95134722222
World,OWID_WRL,1987,25321.811622222223
World,OWID_WRL,1988,25936.77787222222
World,OWID_WRL,1989,26394.71423611111
World,OWID_WRL,1990,26332.589641666666
World,OWID_WRL,1991,25617.117208333333
World,OWID_WRL,1992,25569.821230555557
World,OWID_WRL,1993,24799.348213888887
World,OWID_WRL,1994,25366.339586111117
World,OWID_WRL,1995,26140.735563888888
World,OWID_WRL,1996,26496.800855555557
World,OWID_WRL,1997,26885.967708333334
World,OWID_WRL,1998,26402.254405555555
World,OWID_WRL,1999,26410.42790833333
World,OWID_WRL,2000,26799.158725
World,OWID_WRL,2001,27935.110694444444
World,OWID_WRL,2002,28273.881416666667
World,OWID_WRL,2003,30348.41358333333
World,OWID_WRL,2004,32977.632638888885
World,OWID_WRL,2005,35049.61580555555
World,OWID_WRL,2006,36839.347472222216
World,OWID_WRL,2007,38456.44136111111
World,OWID_WRL,2008,39711.99572222222
World,OWID_WRL,2009,39689.99913888889
World,OWID_WRL,2010,41899.287277777774
World,OWID_WRL,2011,44957.23958333333
World,OWID_WRL,2012,45474.602694444446
World,OWID_WRL,2013,46294.380000000005
World,OWID_WRL,2014,46131.746638888886
World,OWID_WRL,2015,44957.75625
World,OWID_WRL,2016,42591.28588888889
World,OWID_WRL,2017,43666.51488888889
World,OWID_WRL,2018,45881.77208333333
World,OWID_WRL,2019,46627.42175
World,OWID_WRL,2020,44335.18036111111
Zimbabwe,ZWE,1981,21.522198888888887
Zimbabwe,ZWE,1982,20.772296388888886
Zimbabwe,ZWE,1983,24.97175
Zimbabwe,ZWE,1984,23.32196472222222
Zimbabwe,ZWE,1985,23.32196472222222
Zimbabwe,ZWE,1986,30.37104722222222
Zimbabwe,ZWE,1987,36.22028583333333
Zimbabwe,ZWE,1988,38.02005166666667
Zimbabwe,ZWE,1989,38.32001277777778
Zimbabwe,ZWE,1990,41.24463194444444
Zimbabwe,ZWE,1991,42.144515
Zimbabwe,ZWE,1992,41.61958333333333
Zimbabwe,ZWE,1993,39.66983694444444
Zimbabwe,ZWE,1994,41.019661388888885
Zimbabwe,ZWE,1995,41.54459305555555
Zimbabwe,ZWE,1996,38.769954166666665
Zimbabwe,ZWE,1997,39.74482722222223
Zimbabwe,ZWE,1998,41.019661388888885
Zimbabwe,ZWE,1999,37.34513944444444
Zimbabwe,ZWE,2000,33.07069583333333
Zimbabwe,ZWE,2001,33.831449444444445
Zimbabwe,ZWE,2002,29.53246888888889
Zimbabwe,ZWE,2003,21.17995833333333
Zimbabwe,ZWE,2004,28.47881111111111
Zimbabwe,ZWE,2005,25.277905
Zimbabwe,ZWE,2006,15.801305833333334
Zimbabwe,ZWE,2007,15.599627222222225
Zimbabwe,ZWE,2008,11.316627222222222
Zimbabwe,ZWE,2009,12.503467777777775
Zimbabwe,ZWE,2010,20.008768333333336
Zimbabwe,ZWE,2011,19.212904444444444
Zimbabwe,ZWE,2012,11.950444722222224
Zimbabwe,ZWE,2013,23.35346055555556
Zimbabwe,ZWE,2014,43.36385611111111
Zimbabwe,ZWE,2015,32.51721527777778
Zimbabwe,ZWE,2016,20.26025555555556
Zimbabwe,ZWE,2017,21.957142222222224
Zimbabwe,ZWE,2018,25.1049625
Zimbabwe,ZWE,2019,19.700018611111112
Zimbabwe,ZWE,2020,24.59726611111111